{
    "malware": {
        "hashes": {
            "sha1s": [], 
            "sha256": [], 
            "ssdeep": [], 
            "md5s": [
                "44BCF2DD262F12222ADEAB6F59B2975B"
            ], 
            "sha512": []
        }, 
        "filenames": {
            "executables": [
                "ab.exe", 
                "powershell.exe", 
                "rundll32.exe"
            ], 
            "flash": [], 
            "documents": [], 
            "compressed": [], 
            "web": [
                "Raphael-Mudge.html", 
                "index.html"
            ]
        }
    }, 
    "attribution": [
        "?"
    ], 
    "group_name": [
        "?"
    ], 
    "indicators": {
        "domains": [], 
        "ips": {
            "ipv6addresses": [], 
            "ipv4addresses": [
                "146.0.43.107"
            ]
        }, 
        "emails": [], 
        "urls": [
            "http://146.0.43.107/hfYn.", 
            "http://www.antiy.cn", 
            "http://www.antiy.com", 
            "http://www.antiy.net", 
            "http://www.blackhat.com/html/bh-us-12/speakers/Raphael-Mudge.html", 
            "http://www.hick.org/", 
            "http://www.linkedin.com/in/rsmudge", 
            "http://www.oldschoolirc.com/", 
            "https://github.com/rsmudge", 
            "https://plus.google.com/116899857642591292745/posts", 
            "https://twitter.com/rsmudge", 
            "https://www.youtube.com/channel/UCJU2r634VNPeCRug7Y7qdcw"
        ]
    }, 
    "metadata": {
        "tlp": "GREEN", 
        "date_analyzed": "2016-10-04 23:37", 
        "release_date": "??", 
        "report_name": "??", 
        "source": "??", 
        "authors": [
            "??"
        ], 
        "file_metadata": {
            "filetype": "PDF document, version 1.5", 
            "sha1": "42917d2bb4535fc6369cdd68bf82b7e7d28ebadf", 
            "filesize": 1292511, 
            "filename": "ANALYSIS-ON-APT-TO-BE-ATTACK-THAT-FOCUSING-ON-CHINAS-GOVERNMENT-AGENCY-.pdf"
        }
    }, 
    "cves": []
}