{
    "malware": {
        "hashes": {
            "sha1s": [], 
            "sha256": [
                "d4be6c9117db9de21138ae26d1d0c3cfb38fd7a19fa07c828731fa2ac756ef8d", 
                "8d168092d5601ebbaed24ec3caeef7454c48cf21366cd76560755eb33aff89e9", 
                "3fe208273288fc4d8db1bf20078d550e321d9bc5b9ab80c93d79d2cb05cbf8c2", 
                "77421106548e69e9666c538ad628918cad7cfcf8f6aa7825f71a4fc39e522a7d"
            ], 
            "ssdeep": [], 
            "md5s": [
                "0A9545F9FC7A6D8596CF07A59F400FD3", 
                "230D8A7A60A07DF28A291B13DDF3351F", 
                "02FAB24461956458D70AEED1A028EB9C", 
                "98721c78dfbf8a45d152a888c804427c"
            ], 
            "sha512": []
        }, 
        "filenames": {
            "executables": [
                "cePlugin.exe"
            ], 
            "flash": [], 
            "documents": [
                "066.pdf", 
                "Mulvenon_Bio.pdf", 
                "Warning-Deep-Panda.pdf", 
                "cto-tib-20150223-01a.pdf"
            ], 
            "compressed": [], 
            "web": [
                "25fbb36e-ad56-11e4-9c91-e9d2f9fde644_story.html", 
                "8ed131b4-1d89-11e4-ae54-0cfe1f974f8a_story.html", 
                "92db92e8-0846-11e4-8a6a-19355c7e870a_story.html", 
                "framework-whos-affected-and-whos-using-it-1.html", 
                "index.html", 
                "rms-data-breach-but-full-extent-remains-unknown.html"
            ]
        }
    }, 
    "attribution": [
        "?"
    ], 
    "group_name": [
        "?"
    ], 
    "indicators": {
        "domains": [
            "066.pdf", 
            "framework-whos-affected-and-whos-using-it-1.html", 
            "vae-overlaps.jpg", 
            "warning-deep-panda.pdf"
        ], 
        "ips": {
            "ipv6addresses": [], 
            "ipv4addresses": []
        }, 
        "emails": [
            "TopSec_2014@163", 
            "li2384826402@yahoo", 
            "topsec2014@163"
        ], 
        "urls": [
            "http://blog.crowdstrike.com/ironman-deep-panda-uses-sakula-", 
            "http://blogs.wsj.com/chinarealtime/2011/10/05/patriotic-chinese-", 
            "http://krebsonsecurity.com/2015/02/anthem-breach-may-have-started-", 
            "http://krebsonsecurity.com/2015/02/china-to-blame-in-anthem-hack/", 
            "http://krebsonsecurity.com/wp-content/uploads/2015/02/FBI-Flash-", 
            "http://pwc.blogs.com/", 
            "http://pwc.blogs.com/cyber_security_updates/2014/10/scanbox-", 
            "http://threatconnect.com/why_threat_connect", 
            "http://www.csoonline.com/article/2880352/disaster-recovery/anthem-", 
            "http://www.defensegroupinc.com/index.html", 
            "http://www.premera.com/", 
            "http://www.researchgate.net/pro", 
            "http://www.theguardian.com/world/us-embassy-cables-documents", 
            "http://www.threatconnect.com/news/author/the-square/", 
            "http://www.threatconnect.com/news/category/threat-research-tcirt/", 
            "http://www.threatconnect.com/news/premera-latest-healthcare-", 
            "http://www.threatconnect.com/news/press-releases/cyber-squared-", 
            "http://www.threatconnect.com/news/the-anthem-...", 
            "http://www.threatconnect.com/news/threatconnect-enables-healthy-", 
            "http://www.threatconnect.com/news/wp-content/uploads/2015/12", 
            "http://www.threatconnect.com/news/wp-content/uploads/2015/12/Well-", 
            "http://www.threatconnect.com/partners", 
            "http://www.threatconnect.com/product/product_editions", 
            "http://www.threatconnect.com/product/threatconnect_API", 
            "http://www.threatconnect.com/why_threat_connect", 
            "http://www.uscc.gov/sites/default/", 
            "http://www.washingtonpost.com/business/economy/investigators-", 
            "http://www.washingtonpost.com/world/national-security", 
            "http://www.washingtonpost.com/world/national-security/chinese-", 
            "http://www.wsj.com/articles/health-insurer-anthem-hit-by-hackers-", 
            "http://www2.gwu.edu/", 
            "https://app.threatconnect.com/tc/auth/adversary", 
            "https://app.threatconnect.com/tc/auth/document", 
            "https://app.threatconnect.com/tc/auth/incident", 
            "https://scholar.google.com/citations?user=BoorASIAAAAJ&hl=zh-CN", 
            "https://twitter.com/threatconnect", 
            "https://www.anthemfacts.com/ceo", 
            "https://www.virustotal.com/en/"
        ]
    }, 
    "metadata": {
        "tlp": "GREEN", 
        "date_analyzed": "2016-10-04 23:37", 
        "release_date": "??", 
        "report_name": "??", 
        "source": "??", 
        "authors": [
            "??"
        ], 
        "file_metadata": {
            "filetype": "PDF document, version 1.5", 
            "sha1": "40559d68f1a3d25639408209de18d8ee395ae08a", 
            "filesize": 3396176, 
            "filename": "Anthem_hack_all_roads_lead_to_China.pdf"
        }
    }, 
    "cves": []
}