{
    "malware": {
        "hashes": {
            "sha1s": [
                "42e6da9a08802b5ce5d1f754d4567665637b47bc"
            ], 
            "sha256": [], 
            "ssdeep": [], 
            "md5s": [
                "d3109c83e07dd5d7fe032dc80c581d08"
            ], 
            "sha512": []
        }, 
        "filenames": {
            "executables": [
                "tDiscoverer.exe"
            ], 
            "flash": [], 
            "documents": [
                "MiniDuke_Paper_Final.pdf"
            ], 
            "compressed": [], 
            "web": [
                "reports.html"
            ]
        }
    }, 
    "attribution": [
        "?"
    ], 
    "group_name": [
        "?"
    ], 
    "indicators": {
        "domains": [], 
        "ips": {
            "ipv6addresses": [], 
            "ipv4addresses": []
        }, 
        "emails": [
            "info@fireeye.com"
        ], 
        "urls": [
            "http://content.usatoday.com/communities/technologylive/post/2009/08/68497133/1", 
            "http://labs.bitdefender.com/wp-content/uploads/downloads/2013/04/MiniDuke_Paper_Final.pdf.", 
            "http://www.intego.com/mac-security-blog/flashback-mac-malware-uses-twitter-as-command-and-control-center.", 
            "http://www.symantec.com/connect/blogs/twittering-botnets.", 
            "http://www.welivesecurity.com/2014/05/20/miniduke-still-duking/", 
            "https://www.fireeye.com/reports.html", 
            "https://www.twitter.com/fireeye."
        ]
    }, 
    "metadata": {
        "tlp": "GREEN", 
        "date_analyzed": "2016-10-04 23:39", 
        "release_date": "??", 
        "report_name": "??", 
        "source": "??", 
        "authors": [
            "??"
        ], 
        "file_metadata": {
            "filetype": "PDF document, version 1.4", 
            "sha1": "05763e7c36f1120b89cedba2c39ab4680b8ba28f", 
            "filesize": 6607054, 
            "filename": "apt29-hammertoss-stealthy-tactics-define-a.pdf"
        }
    }, 
    "cves": []
}