{
    "malware": {
        "hashes": {
            "sha1s": [], 
            "sha256": [], 
            "ssdeep": [], 
            "md5s": [
                "DFDC5B09C4DEA79EB7F5B9E4E76EECF9", 
                "16E5A27BD55E0B4E595C9743F4C75611", 
                "5877D15215B7F398319F0DE7BA7B1947", 
                "B4522D05A9E3A034AF481A7797A445EA", 
                "2EE25DE7BD6A2705F3F8DDE0DD681E96"
            ], 
            "sha512": []
        }, 
        "filenames": {
            "executables": [
                "LMS.exe", 
                "Rdws.exe", 
                "dbghelp.dll"
            ], 
            "flash": [
                "movie.swf"
            ], 
            "documents": [], 
            "compressed": [], 
            "web": []
        }
    }, 
    "attribution": [
        "?"
    ], 
    "group_name": [
        "?"
    ], 
    "indicators": {
        "domains": [], 
        "ips": {
            "ipv6addresses": [], 
            "ipv4addresses": []
        }, 
        "emails": [], 
        "urls": []
    }, 
    "metadata": {
        "tlp": "GREEN", 
        "date_analyzed": "2016-10-04 23:37", 
        "release_date": "??", 
        "report_name": "??", 
        "source": "??", 
        "authors": [
            "??"
        ], 
        "file_metadata": {
            "filetype": "PDF document, version 1.3", 
            "sha1": "4aa116bc762a0e2ac8ad635799c2a1acc49de6c4", 
            "filesize": 2669308, 
            "filename": "China_Peace_Palace.pdf"
        }
    }, 
    "cves": [
        "CVE-2015-5119"
    ]
}