{
    "malware": {
        "hashes": {
            "sha1s": [
                "e8a8ffe39040fe36e95217b4e4f1316177d675ed", 
                "809959f390d5a49c8999ad6fff27fdc92ff1b2b0", 
                "f1890cc9d6dc84021426834063394539414f68d8"
            ], 
            "sha256": [
                "ab58b6aa7dcc25d8f6e4b70a24e0ccede0d5f6129df02a9e61293c1d7d7640a2", 
                "4639c30b3666cb11b3927d5579790a88bff68e8137f18241f4693e0d4539c608"
            ], 
            "ssdeep": [], 
            "md5s": [
                "3b8d7732de3b3c8823d241e7cd3185c4"
            ], 
            "sha512": []
        }, 
        "filenames": {
            "executables": [], 
            "flash": [], 
            "documents": [
                "fireeye-malware-supply-chain.pdf", 
                "tactical-intelligence-bulletin---sofacy-phishing.pdf"
            ], 
            "compressed": [], 
            "web": [
                "1.html", 
                "6412.html", 
                "affected-and-whos-using-it-1.html", 
                "destructive-malware.html", 
                "framework-whos-affected-and-whos-using-it-1.html", 
                "k.php", 
                "ready-for-summer-the-sunshop-campaign.html"
            ]
        }
    }, 
    "attribution": [
        "?"
    ], 
    "group_name": [
        "?"
    ], 
    "indicators": {
        "domains": [
            "1.html", 
            "bak.mailaunch.com", 
            "dr.web", 
            "file.googlecaches.com", 
            "gtm.googlecaches.com", 
            "js.googlewebcache.com", 
            "owa.outlookssl.com", 
            "us-mg6.mail.yahoo.mailaunch.com"
        ], 
        "ips": {
            "ipv6addresses": [], 
            "ipv4addresses": [
                "1.9.5.38", 
                "103.255.61.227", 
                "118.193.153.221", 
                "118.193.153.227", 
                "122.10.10.161", 
                "174.121.122.73", 
                "204.152.199.43", 
                "50.2.24.211", 
                "88.80.190.133"
            ]
        }, 
        "emails": [
            "li2384826402@yahoo.com", 
            "threatintelligence@uk.pwc.com"
        ], 
        "urls": [
            "http://krebsonsecurity.com/2015/02/anthem-breach-may-have-started-in-april-2014/", 
            "http://krebsonsecurity.com/wp-content/uploads/2015/02/fbi-pandaflash.png", 
            "http://pwc.blogs.com/cyber_security_updates/2014/10/scanbox-framework-whos-affected-and-whos-using-it-", 
            "http://pwc.blogs.com/cyber_security_updates/2015/01/destructive-malware.html", 
            "http://pwc.blogs.com/files/tactical-intelligence-bulletin---sofacy-phishing.pdf", 
            "http://researchcenter.paloaltonetworks.com/2014/09/recent-watering-hole-attacks-attributed-apt-group-th3bug-", 
            "http://www.cnxhacker.com/2015/01/19/6412.html", 
            "http://www.invincea.com/2015/02/chinese-espionage-campaign-compromises-forbes/", 
            "http://www.isightpartners.com/2015/02/codoso/", 
            "http://www.slideshare.net/CrowdStrike/crowd-casts-monthly-you-have-an-adversary-problem", 
            "http://www.symantec.com/connect/blogs/how-elderwood-platform-fueling-2014-s-zero-day-attacks", 
            "https://www.alienvault.com/open-threat-exchange/blog/scanbox-a-reconnaissance-framework-used-on-watering-", 
            "https://www.fireeye.com/blog/threat-research/2013/05/ready-for-summer-the-sunshop-campaign.html", 
            "https://www.fireeye.com/content/dam/legacy/resources/pdfs/fireeye-malware-supply-chain.pdf"
        ]
    }, 
    "metadata": {
        "tlp": "GREEN", 
        "date_analyzed": "2016-10-04 23:39", 
        "release_date": "??", 
        "report_name": "??", 
        "source": "??", 
        "authors": [
            "??"
        ], 
        "file_metadata": {
            "filetype": "PDF document, version 1.4", 
            "sha1": "c73cbb8fa22e16920e3cbf51226f3fd8010d38bb", 
            "filesize": 4342450, 
            "filename": "cto-tib-20150223-01a.pdf"
        }
    }, 
    "cves": [
        "CVE-2014-0502", 
        "CVE-2014-6332", 
        "CVE-2012-0158"
    ]
}