{
    "malware": {
        "hashes": {
            "sha1s": [], 
            "sha256": [
                "67ecc3b8c6057090c7982883e8d9d0389a8a8f6e8b00f9e9b73c45b008241322"
            ], 
            "ssdeep": [], 
            "md5s": [], 
            "sha512": []
        }, 
        "filenames": {
            "executables": [], 
            "flash": [], 
            "documents": [
                "apt28.pdf", 
                "tactical-intelligence-bulletin---sofacy-phishing-.pdf", 
                "wp-operation-pawn-storm.pdf"
            ], 
            "compressed": [], 
            "web": [
                "apt28-sofacy-so-funny.html", 
                "government-defence-and-energy.html", 
                "probable_apt28_useo.html"
            ]
        }
    }, 
    "attribution": [
        "?"
    ], 
    "group_name": [
        "?"
    ], 
    "indicators": {
        "domains": [], 
        "ips": {
            "ipv6addresses": [], 
            "ipv4addresses": []
        }, 
        "emails": [
            "threatintelligence@uk.pwc.com"
        ], 
        "urls": [
            "http://blog.trendmicro.com/trendlabs-security-intelligence/operation-pawn-storm-", 
            "http://blog.trendmicro.com/trendlabs-security-intelligence/operation-pawn-storm-ramps-up-its-activities-", 
            "http://pwc.blogs.com/cyber_security_updates/2014/10/phresh-phishing-against-", 
            "http://pwc.blogs.com/cyber_security_updates/2014/12/apt28-sofacy-so-funny.html", 
            "http://pwc.blogs.com/files/tactical-intelligence-bulletin---sofacy-phishing-.pdf", 
            "http://www.trendmicro.com/cloud-content/us/pdfs/security-intelligence/white-", 
            "http://www.welivesecurity.com/2014/10/08/sednit-espionage-group-now-using-", 
            "https://twitter.com/ThreatConnect/status/589168650759884800", 
            "https://www.fireeye.com/blog/threat-research/2015/04/probable_apt28_useo.html", 
            "https://www.fireeye.com/resources/pdfs/apt28.pdf", 
            "https://www.virustotal.com/en/file/67ecc3b8c6057090c7982883e8d9d0389a8a8f6e8b00f9e9b73c45b008241322"
        ]
    }, 
    "metadata": {
        "tlp": "GREEN", 
        "date_analyzed": "2016-10-04 23:39", 
        "release_date": "??", 
        "report_name": "??", 
        "source": "??", 
        "authors": [
            "??"
        ], 
        "file_metadata": {
            "filetype": "PDF document, version 1.5", 
            "sha1": "417a791693f2554ee1ec94564467168ea58e2cfb", 
            "filesize": 221042, 
            "filename": "cto-tib-20150420-01a.pdf"
        }
    }, 
    "cves": [
        "CVE-2015-1701", 
        "CVE-2015-3043"
    ]
}