{
    "malware": {
        "hashes": {
            "sha1s": [], 
            "sha256": [], 
            "ssdeep": [], 
            "md5s": [
                "08E834B6D4123F0AEA27D042FCEAF992", 
                "3917107778F928A6F65DB34553D5082A"
            ], 
            "sha512": []
        }, 
        "filenames": {
            "executables": [
                "VBoxtray.exe"
            ], 
            "flash": [], 
            "documents": [], 
            "compressed": [], 
            "web": [
                "dissecting-the-kraken.html"
            ]
        }
    }, 
    "attribution": [
        "?"
    ], 
    "group_name": [
        "?"
    ], 
    "indicators": {
        "domains": [], 
        "ips": {
            "ipv6addresses": [], 
            "ipv4addresses": []
        }, 
        "emails": [], 
        "urls": [
            "https://blog.gdatasoftware.com/blog/article/dissecting-the-kraken.html"
        ]
    }, 
    "metadata": {
        "tlp": "GREEN", 
        "date_analyzed": "2016-10-04 23:37", 
        "release_date": "??", 
        "report_name": "??", 
        "source": "??", 
        "authors": [
            "??"
        ], 
        "file_metadata": {
            "filetype": "PDF document, version 1.3", 
            "sha1": "c478f5c474609cc5401648c0a55213f3a7137344", 
            "filesize": 2297769, 
            "filename": "Dissecting-the-Kraken.pdf"
        }
    }, 
    "cves": [
        "CVE-2012-0158"
    ]
}