{
    "malware": {
        "hashes": {
            "sha1s": [], 
            "sha256": [], 
            "ssdeep": [], 
            "md5s": [
                "42b76c0503a6bf21f1ea86e0b14d67ea", 
                "cff25fe24a90ef63eaa168c07008c2bb", 
                "a6a18c846e5179259eba9de238f67e41", 
                "ad17eff26994df824be36db246c8fb6a", 
                "f66b64ef984ac46ac7395358059979bc", 
                "279ef79f904476ba0f9f44c87358bb1f", 
                "55f84d88d84c221437cd23cdbc541d2e", 
                "ec532bbe9d0882d403473102e9724557", 
                "efd9dc39682312d6576468f5c0eb6236"
            ], 
            "sha512": []
        }, 
        "filenames": {
            "executables": [
                "clbcaiq.dll", 
                "clbcatq.dll", 
                "plug.exe", 
                "profapi.dll", 
                "wuauclt.exe", 
                "z1.exe"
            ], 
            "flash": [], 
            "documents": [], 
            "compressed": [], 
            "web": []
        }
    }, 
    "attribution": [
        "?"
    ], 
    "group_name": [
        "?"
    ], 
    "indicators": {
        "domains": [], 
        "ips": {
            "ipv6addresses": [], 
            "ipv4addresses": [
                "103.229.127.104", 
                "45.64.74.101"
            ]
        }, 
        "emails": [
            "dragonthreatlabs@gmail.com", 
            "lim.kiu@hotmail.com"
        ], 
        "urls": [
            "http://dragonthreat.blogspot.hk"
        ]
    }, 
    "metadata": {
        "tlp": "GREEN", 
        "date_analyzed": "2016-10-04 23:37", 
        "release_date": "??", 
        "report_name": "??", 
        "source": "??", 
        "authors": [
            "??"
        ], 
        "file_metadata": {
            "filetype": "PDF document, version 1.5", 
            "sha1": "2aa6e47d8b9549b8ca2ea62db6384bb4db682bcf", 
            "filesize": 942415, 
            "filename": "DTL-12012015-01.pdf"
        }
    }, 
    "cves": [
        "CVE-2014-6332"
    ]
}