{
    "malware": {
        "hashes": {
            "sha1s": [
                "bfe26837da22f21451f0416aa9d241f98ff1c0f8", 
                "52d44e936388b77a0afdb21b099cf83ed6cbaa6f", 
                "cc15924d37e36060faa405e5fa8f6ca15a3cace2", 
                "f54f4e46f5f933a96650ca5123a4c41e115a9f61", 
                "317bde14307d8777d613280546f47dd0ce54f95b", 
                "78fbdfa6ba2b1e3c8537be48d9efc0c47f417f3c", 
                "c16529dbc2987be3ac628b9b413106e5749999ed", 
                "9f5b46ee0591d3f942ccaa9c950a8bff94aa7a0f", 
                "f97c5e8d018207b1d546501fe2036adfbf774cfd", 
                "6a3c2ad9919ad09ef6cdffc80940286814a0aa2c", 
                "04299c0b549d4a46154e0a754dda2bc9e43dff76", 
                "ed0cf362c0a9de96ce49c841aa55997b4777b326", 
                "dea6e89e36cf5a4a216e324983cc0b8f6c58eaa8", 
                "4800d67ea326e6d037198abd3d95f4ed59449313", 
                "28d29c702fdf3c16f27b33f3e32687dd82185e8b", 
                "2f53bfcd2016d506674d0a05852318f9e8188ee1", 
                "e33e6346da14931735e73f544949a57377c6b4a0", 
                "476099ea132bf16fa96a5f618cb44f87446e3b02"
            ], 
            "sha256": [], 
            "ssdeep": [], 
            "md5s": [], 
            "sha512": []
        }, 
        "filenames": {
            "executables": [], 
            "flash": [], 
            "documents": [], 
            "compressed": [], 
            "web": [
                "archive.php", 
                "rss.php", 
                "search.php"
            ]
        }
    }, 
    "attribution": [
        "?"
    ], 
    "group_name": [
        "?"
    ], 
    "indicators": {
        "domains": [], 
        "ips": {
            "ipv6addresses": [], 
            "ipv4addresses": [
                "58.80.109.59", 
                "97.75.120.45"
            ]
        }, 
        "emails": [], 
        "urls": []
    }, 
    "metadata": {
        "tlp": "GREEN", 
        "date_analyzed": "2016-10-04 23:37", 
        "release_date": "??", 
        "report_name": "??", 
        "source": "??", 
        "authors": [
            "??"
        ], 
        "file_metadata": {
            "filetype": "PDF document, version 1.3", 
            "sha1": "8ee4f88f4734adc592190027018a461471e8204a", 
            "filesize": 320059, 
            "filename": "Duke_cloud_Linux.pdf"
        }
    }, 
    "cves": []
}