{
    "malware": {
        "hashes": {
            "sha1s": [], 
            "sha256": [], 
            "ssdeep": [], 
            "md5s": [
                "c7c647a14cb1b8bc141b089775130834", 
                "3f52ea949f2bd98f1e6ee4ea1320e80d"
            ], 
            "sha512": []
        }, 
        "filenames": {
            "executables": [], 
            "flash": [], 
            "documents": [
                "bencsathPBF11duqu.pdf", 
                "w32_duqu_the_precursor_to_the_next_stuxnet.pdf", 
                "w32_stuxnet_dossier.pdf"
            ], 
            "compressed": [], 
            "web": []
        }
    }, 
    "attribution": [
        "?"
    ], 
    "group_name": [
        "?"
    ], 
    "indicators": {
        "domains": [], 
        "ips": {
            "ipv6addresses": [], 
            "ipv4addresses": [
                "1.9.1.16", 
                "1.9.2.9", 
                "5.0.1.6"
            ]
        }, 
        "emails": [
            "bencsath@crysys.hu", 
            "boldi@crysys.hu", 
            "eax@2", 
            "ecx@4", 
            "edi@6", 
            "edx@1"
        ], 
        "urls": [
            "http://www.crysys.hu/", 
            "http://www.crysys.hu/publications/files/bencsathPBF11duqu.pdf", 
            "http://www.kaspersky.com/about/press/major_malware_outbreaks/duqu", 
            "http://www.symantec.com/content/en/us/enterprise/media/security_response/white", 
            "https://securelist.com/blog/research/70504/the-mystery-of-duqu-", 
            "https://securelist.com/blog/research/70504/the-mystery-of-duqu-2-0-a-sophisticated-"
        ]
    }, 
    "metadata": {
        "tlp": "GREEN", 
        "date_analyzed": "2016-10-04 23:39", 
        "release_date": "??", 
        "report_name": "??", 
        "source": "??", 
        "authors": [
            "??"
        ], 
        "file_metadata": {
            "filetype": "PDF document, version 1.5", 
            "sha1": "6c4fcf640dfbedbdddb724e69d0ed84319b0cf6e", 
            "filesize": 1217942, 
            "filename": "duqu2_crysys.pdf"
        }
    }, 
    "cves": []
}