{
    "malware": {
        "hashes": {
            "sha1s": [
                "efbe18eb8a66e4b6289a5c53f22254f76e3a29bd", 
                "27a0a98053f3eed82a51cdefbdfec7bb948e1f36"
            ], 
            "sha256": [
                "4db3801a45802041baa44334303e0498c2640cd5dfd6892545487bf7c8c9219f", 
                "588730213eb6ace35caadcb651217bfbde3f615d94a9cca41a31ee9fa09b186c", 
                "2fd5c42d49f9e0fe2daae5b0f78cf9cfde9bfc7b0ed59fc68e0a79a3b16fe05b", 
                "522e5549af01c747329d923110c058b7bb7e112816de64bd7919d7b9194fba5b", 
                "c8e8248940830e9f1dc600c189640e91c40f95caae4f3187fb04427980cdc479", 
                "f1761a5e3856dceb3e14d4555af92d3d1ac47604841f69fc72328b53ab45ca56", 
                "b3fe0e3a3e3befa152c4237b0f3a96ffaa44a2d7e1aa6d379d3a1ab4659e1676", 
                "06e387bb79584cdff3672feadea0bf6f783ce1ddc1fa91962d1b5bcd94e1a308"
            ], 
            "ssdeep": [], 
            "md5s": [
                "9fff114f15b86896d8d4978c0ad2813d", 
                "4525141d9e6e7b5a7f4e8c3db3f0c24c"
            ], 
            "sha512": []
        }, 
        "filenames": {
            "executables": [
                "Safari.exe", 
                "acrord32.exe", 
                "chrome.exe", 
                "cmd.exe", 
                "dump21cb.dll", 
                "excel.exe", 
                "explorer.exe", 
                "firefox.exe", 
                "googletalk.exe", 
                "iexplore.exe", 
                "lite.exe", 
                "msnmsgr.exe", 
                "nimbuzz.exe", 
                "notepad.exe", 
                "oovoo.exe", 
                "opera.exe", 
                "perf585.dll", 
                "perf_585.dll", 
                "powerpnt.exe", 
                "regsvr32.exe", 
                "skype.exe", 
                "visio.exe", 
                "winlogon.exe", 
                "winword.exe", 
                "wordpad.exe", 
                "yahoomessenger.exe"
            ], 
            "flash": [], 
            "documents": [
                "TSNOFORN.pdf", 
                "exe.txt", 
                "huntusenixnt99.pdf", 
                "media-35683.pdf"
            ], 
            "compressed": [], 
            "web": [
                "de-babar_4387233_3210.html", 
                "index.php"
            ]
        }
    }, 
    "attribution": [
        "?"
    ], 
    "group_name": [
        "?"
    ], 
    "indicators": {
        "domains": [
            "0c6b5d2d.msi", 
            "31e50daa.msi", 
            "48fe7f28.msi", 
            "lite.exe", 
            "update.msi"
        ], 
        "ips": {
            "ipv6addresses": [], 
            "ipv4addresses": [
                "104.153.45.0", 
                "104.153.45.38", 
                "184.172.128.0", 
                "184.172.143.188", 
                "192.185.113.148", 
                "192.185.64.0", 
                "199.119.200.0", 
                "199.119.202.195", 
                "199.231.93.0", 
                "199.231.93.221", 
                "206.41.94.0", 
                "206.41.94.190", 
                "207.189.104.86", 
                "207.189.104.87", 
                "207.189.96.0", 
                "208.87.240.0", 
                "208.87.242.66", 
                "209.62.0.0", 
                "209.62.21.228", 
                "212.27.32.0", 
                "212.27.35.109", 
                "216.152.240.0", 
                "216.152.252.55", 
                "64.20.32.0", 
                "64.20.43.107", 
                "69.25.208.0", 
                "69.25.212.153", 
                "83.149.64.0", 
                "83.149.75.58"
            ]
        }, 
        "emails": [], 
        "urls": [
            "http://2014.hack.lu/archive/2014/TSNOFORN.pdf", 
            "http://blog.9bplus.com/analyzing-cve-2011-4369-part-one/", 
            "http://research.microsoft.com/pubs/68568/huntusenixnt99.pdf", 
            "http://www.alexpetro.com/images/training/courses/bb212/index.php", 
            "http://www.codeproject.com/Articles/297312/Minimal-Key-Logger-using-RAWINPUT", 
            "http://www.codeproject.com/Articles/332109/AMR-Audio-Encoding", 
            "http://www.etehadyie.ir/images/public/bb212/index.php", 
            "http://www.gezelimmi.com/wp-includes/misc/bb/index.php", 
            "http://www.horizons-tourisme.com/_vti_bin/_vti_msc/bb/index.php", 
            "http://www.lemonde.fr/international/article/2014/03/21/quand-les-canadiens-partent-en-chasse-", 
            "http://www.spiegel.de/media/media-35683.pdf", 
            "https://code.google.com/p/msnp-sharp/wiki/KB_MSNP21", 
            "https://securelist.com/analysis/36358/keyloggers-implementing-keyloggers-in-windows-part-two/", 
            "https://www.syscan.org/)"
        ]
    }, 
    "metadata": {
        "tlp": "GREEN", 
        "date_analyzed": "2016-10-04 23:37", 
        "release_date": "??", 
        "report_name": "??", 
        "source": "??", 
        "authors": [
            "??"
        ], 
        "file_metadata": {
            "filetype": "PDF document, version 1.4", 
            "sha1": "c8f384ae75119626032d4b42f34e883269dbf2a4", 
            "filesize": 456557, 
            "filename": "Elephantosis.pdf"
        }
    }, 
    "cves": [
        "CVE-2011-4369", 
        "cve-2011-4369"
    ]
}