{
    "malware": {
        "hashes": {
            "sha1s": [
                "f325970fd24bb088f1befdae5788152329e26bf3", 
                "a351842ee01374d66bae35354ffe72f0b1b8a40b", 
                "bb909d9c27a509bf97cdc85268556ff5a6d2550a", 
                "0450aaf8ed309ca6baf303837701b5b23aac6f05"
            ], 
            "sha256": [], 
            "ssdeep": [], 
            "md5s": [], 
            "sha512": []
        }, 
        "filenames": {
            "executables": [], 
            "flash": [], 
            "documents": [], 
            "compressed": [], 
            "web": [
                "russias-greatest-weapon-may-be-its-hackers-328864.html"
            ]
        }
    }, 
    "attribution": [
        "?"
    ], 
    "group_name": [
        "?"
    ], 
    "indicators": {
        "domains": [
            "b-of-americ.com", 
            "bbcnewsweek.com", 
            "cbiuaebank.com", 
            "cbiuaebn.com", 
            "fbonlinelottery.com", 
            "fubnt.com", 
            "globeshippers.biz", 
            "globeshippers.net", 
            "googlesetting.com", 
            "gsandsc.com", 
            "gshippers.com", 
            "hesselawchambers.com", 
            "largefarm.net", 
            "middle-eastreview.org", 
            "osce-military.org", 
            "qov.hu.com", 
            "regionsbnk.info", 
            "royalbsuk.com", 
            "seatreasures.org", 
            "settings-yahoo.com", 
            "ssandsc.com", 
            "t-d-canadatrust.com", 
            "techcruncln.com", 
            "techielawfirms.com", 
            "togounoffice.com", 
            "ubagroupsgh.com", 
            "un-unicef.org", 
            "unicomba.com", 
            "unitednat.org", 
            "universalcoba.com", 
            "yovtube.co"
        ], 
        "ips": {
            "ipv6addresses": [], 
            "ipv4addresses": [
                "176.31.112.10"
            ]
        }, 
        "emails": [], 
        "urls": [
            "http://www.bloomberg.com/politics/articles/2014-10-30/security-firms-tie-russian-government-", 
            "http://www.bloomberg.com/politics/articles/2014-10-30/security-firms-tie-russian-government-to-", 
            "http://www.newsweek.com/2015/05/15/russias-greatest-weapon-may-be-its-hackers-328864.html", 
            "http://www.theguardian.com/world/2014/apr/24/vladimir-putin-web-breakup-internet-cia"
        ]
    }, 
    "metadata": {
        "tlp": "GREEN", 
        "date_analyzed": "2016-10-04 23:38", 
        "release_date": "??", 
        "report_name": "??", 
        "source": "??", 
        "authors": [
            "??"
        ], 
        "file_metadata": {
            "filetype": "PDF document, version 1.4", 
            "sha1": "3bda90269f9a49360befe7f9a00f832c57af89c2", 
            "filesize": 6539274, 
            "filename": "FSOFACY.pdf"
        }
    }, 
    "cves": []
}