{
    "malware": {
        "hashes": {
            "sha1s": [], 
            "sha256": [], 
            "ssdeep": [], 
            "md5s": [], 
            "sha512": []
        }, 
        "filenames": {
            "executables": [
                "Win64.exe", 
                "cmd.exe", 
                "sethc.exe"
            ], 
            "flash": [], 
            "documents": [
                "robots.txt"
            ], 
            "compressed": [], 
            "web": [
                "ly-telegraph-many-websites-hijacked.html", 
                "my-hacks-international-business-times.html"
            ]
        }
    }, 
    "attribution": [
        "?"
    ], 
    "group_name": [
        "?"
    ], 
    "indicators": {
        "domains": [
            "ly-telegraph-many-websites-hijacked.html", 
            "my-hacks-international-business-times.html"
        ], 
        "ips": {
            "ipv6addresses": [], 
            "ipv4addresses": [
                "199.91.173.45", 
                "202.181.133.237", 
                "203.135.134.243", 
                "223.29.248.9", 
                "61.78.34.179"
            ]
        }, 
        "emails": [
            "ajaxtm@gmail.com", 
            "info@usa.gov.us", 
            "sales@crowdstrike.com"
        ], 
        "urls": [
            "http://bits.blogs.nytimes.", 
            "http://blog.crowdstrike.com/", 
            "http://blog.crowdstrike.com/adver-", 
            "http://blog.crowdstrike.com/crowd-", 
            "http://instagram.com/official_sea2", 
            "http://resources.crowdstrike.com/putterpanda/", 
            "http://sea.sy/rss/en", 
            "http://vk.com/syrianelectronicarmy", 
            "http://www.", 
            "http://www.ibtimes.com/", 
            "http://www.techworm.", 
            "https://ello.co/syrianelectronicarmy", 
            "https://twitter.com/official_sea16", 
            "https://www.pinterest.com/officialsea/", 
            "https://www.youtube.com/user/SEAOfficialChannel"
        ]
    }, 
    "metadata": {
        "tlp": "GREEN", 
        "date_analyzed": "2016-10-04 23:38", 
        "release_date": "??", 
        "report_name": "??", 
        "source": "??", 
        "authors": [
            "??"
        ], 
        "file_metadata": {
            "filetype": "PDF document, version 1.4", 
            "sha1": "86f4a308b99a2a9cb335dc06457dd09399c05a29", 
            "filesize": 2998592, 
            "filename": "GlobalThreatIntelReport.pdf"
        }
    }, 
    "cves": [
        "CVe-2014-0322", 
        "CVE-2014-0322", 
        "cve-2014-1776", 
        "CVe-2014-6277", 
        "CVe-2014-4113", 
        "CVe-2014-6278", 
        "cve-2014-0322", 
        "CvE-2014-1761", 
        "CVe-2014-7187", 
        "CVe-2012-4792", 
        "CVe-2014-1761", 
        "CVe-2014-1776", 
        "CVe-2012-0158", 
        "CVe-2014-7169", 
        "CVE-2014-4113", 
        "CVe-2014-6271"
    ]
}