{
    "malware": {
        "hashes": {
            "sha1s": [], 
            "sha256": [], 
            "ssdeep": [], 
            "md5s": [
                "4a4874fa5217a8523bf4d1954efb26ef"
            ], 
            "sha512": []
        }, 
        "filenames": {
            "executables": [
                "dropped.dll", 
                "kernel32.dll", 
                "ntdll.dll", 
                "wmiprvse.dll"
            ], 
            "flash": [], 
            "documents": [], 
            "compressed": [], 
            "web": []
        }
    }, 
    "attribution": [
        "?"
    ], 
    "group_name": [
        "?"
    ], 
    "indicators": {
        "domains": [], 
        "ips": {
            "ipv6addresses": [], 
            "ipv4addresses": []
        }, 
        "emails": [], 
        "urls": [
            "https://www.bluecoat.com/security-blog/2014-12-09/blue-coat-exposes-%E2%80%9C-"
        ]
    }, 
    "metadata": {
        "tlp": "GREEN", 
        "date_analyzed": "2016-10-04 23:38", 
        "release_date": "??", 
        "report_name": "??", 
        "source": "??", 
        "authors": [
            "??"
        ], 
        "file_metadata": {
            "filetype": "PDF document, version 1.3", 
            "sha1": "486a65ba17141147d3d9fff2a0c26109edf78fab", 
            "filesize": 939082, 
            "filename": "Inception_APT_Analysis_Bluecoat.pdf"
        }
    }, 
    "cves": [
        "CVE-2012-0158"
    ]
}