{
    "malware": {
        "hashes": {
            "sha1s": [], 
            "sha256": [], 
            "ssdeep": [], 
            "md5s": [
                "8BEFABB08750548D7BA64717D92B71E0", 
                "824C92E4B27026C113D766C0816428A0", 
                "5dec2e81037b2d72320516e86a2bcfbd", 
                "036E021E1B7F61CDDFD294F791DE7EA2", 
                "13EF0DFE608440EE60449E4300AE9324", 
                "015915BBFCDA1B2B884DB87262970A11", 
                "0BA116AA1704A415812552A815FCD34B", 
                "2CCE768DC3717E86C5D626ED7CE2E0B7", 
                "fe07da37643ed789c48f85d636abcf66", 
                "58670063EC00CAF0D2D17F9D52F0AC95", 
                "4F19D5D2C04B6FC05E56C6A48FD9CB50", 
                "14309b52f5a3df8cb0eb5b6dae9ce4da", 
                "73396BACD33CDE4C8CB699BCF11D9F56", 
                "0CBEFD8CD4B9A36C791D926F84F10B7B", 
                "588f41b1f34b29529bc117346355113f", 
                "ac073ad83555f3748d481bcf796e1993", 
                "9317458E0D8484B77C0B9FA914A98230", 
                "5f776a0de913173e878844d023a98f1c", 
                "3de2a22babb69e480db11c3c15197586", 
                "e8770d73d7d8b837df44a55de9adb7d5", 
                "055BC765A78DA9CC759D1BA7AC7AC05E", 
                "621e4c293313e8638fb8f725c0ae9d0f", 
                "0dfcbb858bd2d5fb1d33cd69dcd844ae", 
                "67E032085DC756BB7123DFE942E5DCA4", 
                "17EF094043761A917BA129280618C1D3", 
                "4DBFD37FD851DAEBDAE7F009ADEC3CBD", 
                "0CC5918D426CD836C52207A8332296BC", 
                "3032F4C7A6E4E807DD7B012FA4B43718", 
                "a23d7b6a81dc0b460294e8be829f564d", 
                "0FFE80AF4461C68D6571BEDE9527CF74", 
                "085FAAC21114C844529E11422EF684D1", 
                "0F13DEAC7D2C1A971F98C9365B071DB9", 
                "8E5FD9F8557E0D39787DD205ABFFA973", 
                "A6703722C6A1953A8C3807A6FF93D913", 
                "04090aca47f5360b84f6a55033544863", 
                "aa906567b9feb1af431404d1c55e0241", 
                "a642c3dfd7e9dad5dc2a27ac6d8c9868", 
                "2682A1246199A18967C98CB32191230C", 
                "5fc86559ae66dd223265540fd5dfaf3b", 
                "3A40E0DEB14F821516EADAED24301335", 
                "31B3CC60DBECB653AE972DB9E57E14EC"
            ], 
            "sha512": []
        }, 
        "filenames": {
            "executables": [
                "FastUserSwitchingCompatibilityex.dll", 
                "Iasex.dll", 
                "Ipripex.dll", 
                "cmd.exe", 
                "inetinfo32.dll", 
                "irmon32.dll", 
                "mm_server.exe", 
                "mmc.exe", 
                "msger_install.dll", 
                "msger_server.dll", 
                "sys.exe", 
                "sysprep.exe", 
                "test.exe", 
                "usbcon.exe", 
                "xKat.exe", 
                "xweber_install_uac.exe", 
                "xweber_server.exe"
            ], 
            "flash": [], 
            "documents": [
                "d.txt"
            ], 
            "compressed": [], 
            "web": []
        }
    }, 
    "attribution": [
        "?"
    ], 
    "group_name": [
        "?"
    ], 
    "indicators": {
        "domains": [], 
        "ips": {
            "ipv6addresses": [], 
            "ipv4addresses": []
        }, 
        "emails": [
            "sambieber1990@yahoo.com", 
            "ssdfsddfs@qsdfsq.com"
        ], 
        "urls": [
            "http://%s/data/%s.1000001000", 
            "http://%s/lib/common.asp?action=user_login&uid=%s&lan=%s&host=%s&os=%s&proxy"
        ]
    }, 
    "metadata": {
        "tlp": "GREEN", 
        "date_analyzed": "2016-10-04 23:38", 
        "release_date": "??", 
        "report_name": "??", 
        "source": "??", 
        "authors": [
            "??"
        ], 
        "file_metadata": {
            "filetype": "PDF document, version 1.5", 
            "sha1": "5b22b494cfe329c352948530cb19b6dc5067ca44", 
            "filesize": 210867, 
            "filename": "Indicators_of_Compormise_Hellsing.pdf"
        }
    }, 
    "cves": []
}