{
    "malware": {
        "hashes": {
            "sha1s": [], 
            "sha256": [], 
            "ssdeep": [], 
            "md5s": [
                "f6bf3ed3bcd466e5fd1cbaf6ba658716", 
                "60dab5bb319281747c5863b44c5ac60d", 
                "15d39578460e878dd89e8911180494ff", 
                "c17e16a54916d3838f63d208ebab9879", 
                "bb8f56874189d5dfe9294f0553a49b83", 
                "20506375665a6a62f7d9dd22d1cc9870", 
                "8d87a1845122bf090b3d8656dc9d60a8", 
                "311D4923909E07D5C703235D83BF4479", 
                "214f7a2c95bdc265888fbcd24e3587da", 
                "2b444ac5209a8b4140dd6b747a996653", 
                "0a5e9b15014733ee7685d8c8be81fb0d", 
                "c3af66b9ce29efe5ee34e87b6e136e3a", 
                "98dea1bce37bf7087360e1958400589b", 
                "69e7943f3d48233de4a39a924c59ed2c", 
                "5767b9d851d0c24e13eca1bfd16ea424", 
                "c4f8671c1f00dab30f5f88d684af1927", 
                "b3487fdd1efd2d1ea1550fef5b749037", 
                "9f3f6f46c67d3fad2479963361cf118b", 
                "74DE13B5EA68B3DA24ADDC009F84BAEE", 
                "B2C7339E87C932C491E34CDCD99FEB07", 
                "a6662b8ebca61ca09ce89e1e4f43665d", 
                "21C278C88D8F6FAEA64250DF3BFFD7C6", 
                "EF4405930E6071AE1F7F6FA7D4F3397D", 
                "11fb08b9126cdb4668b3f5135cf7a6c5"
            ], 
            "sha512": []
        }, 
        "filenames": {
            "executables": [
                "Services.exe", 
                "Winlogon.exe", 
                "cmib158w.dll", 
                "cmib456w.dll", 
                "csrss.exe", 
                "khlp680w.dll", 
                "khlp733w.dll", 
                "khlp747w.dll", 
                "khlp760w.dll", 
                "khlp807w.dll", 
                "khlp866w.dll", 
                "lsasrv.dll", 
                "lsass.exe", 
                "mscfg32.dll", 
                "mscfg32.exe", 
                "mscoreep32.dll", 
                "mstkpr.dll", 
                "nls933w.dll", 
                "nls_874w.dll", 
                "nls_933w.dll", 
                "ntdll.dll", 
                "ntoskrnl.exe", 
                "perfcom.dll", 
                "services.exe", 
                "svchost.exe", 
                "svchost32.dll", 
                "svchost32.exe", 
                "unilay.dll", 
                "user32.dll", 
                "vnetapi.dll", 
                "vnetapi32.dll", 
                "webmgr.dll", 
                "winlogon.exe", 
                "winproc.exe", 
                "wpl913h.dll", 
                "wshapi.dll", 
                "wshcom.dll"
            ], 
            "flash": [], 
            "documents": [
                "Equation_group_questions_and_answers.pdf"
            ], 
            "compressed": [], 
            "web": [
                "mstcp32-t1445152.html"
            ]
        }
    }, 
    "attribution": [
        "?"
    ], 
    "group_name": [
        "?"
    ], 
    "indicators": {
        "domains": [
            "cmib158w.dll", 
            "khlp680w.dll", 
            "khlp733w.dll", 
            "khlp747w.dll", 
            "khlp760w.dll", 
            "khlp807w.dll", 
            "khlp866w.dll", 
            "mstkpr.dll", 
            "nls933w.dll", 
            "perfcom.dll", 
            "unilay.dll", 
            "vnetapi.dll", 
            "webmgr.dll", 
            "wpl913h.dll", 
            "wshapi.dll", 
            "wshcom.dll"
        ], 
        "ips": {
            "ipv6addresses": [], 
            "ipv4addresses": [
                "1.0.0.1", 
                "2.1.1.1", 
                "213.198.79.49", 
                "3.04.00.000", 
                "4.0.1.0"
            ]
        }, 
        "emails": [], 
        "urls": [
            "http://cdn.securelist.com/", 
            "http://securelist.com/analysis/publications/65545/the-epic-turla-operation/", 
            "http://securelist.com/blog/research/67741/regin-nation-state-ownage-of-gsm-networks/", 
            "http://securelist.com/blog/research/68750/equation-the-death-star-of-malware-galaxy/", 
            "http://securelist.com/blog/research/69203/inside-t...", 
            "http://www.pcreview.co.uk", 
            "http://www.pcreview.co.uk/forums/mstcp32-t1445152.html", 
            "https://securelist.com/", 
            "https://twitter.com/share?url=http%3A%2F%2Fsecurelist.com%2Fblog%2Fresearch%2F69203%2Finside-"
        ]
    }, 
    "metadata": {
        "tlp": "GREEN", 
        "date_analyzed": "2016-10-04 23:38", 
        "release_date": "??", 
        "report_name": "??", 
        "source": "??", 
        "authors": [
            "??"
        ], 
        "file_metadata": {
            "filetype": "PDF document, version 1.5", 
            "sha1": "a9a89dbd99ed439abcfced111affc69f9728fc7a", 
            "filesize": 1466405, 
            "filename": "Inside_EquationDrug_Espionage_Platform.pdf"
        }
    }, 
    "cves": []
}