{
    "malware": {
        "hashes": {
            "sha1s": [], 
            "sha256": [], 
            "ssdeep": [], 
            "md5s": [
                "9853fc1f4d7ba23d728f4ee80842faf9", 
                "d2c117d18cb05140373713859803a0d6", 
                "9db2719a3dde09ae260def9cd0d46dbe", 
                "bcf93595ba4586b6324963e989349319", 
                "da529e0b81625828d52cd70efba50794", 
                "f10135e03df18462c2e35eac13d61435", 
                "8734f46d932f179161042ef5b4a7b8a8", 
                "bad36581f72aa2d8597dd2b1bc7b2a7f", 
                "4765369d8ae52f2dd9b318e0c8b27054", 
                "098e8dd0e874e59817f2e78cd48e58f3", 
                "cfb4be91d8546203ae602c0284126408", 
                "5e545dae692ecb4bddacdb9c526b1f16", 
                "38cb64ba0aafb86585d9bcbd1c500416", 
                "577577d6df1833629bfd0d612e3dbb05", 
                "32261fe44c368724593fbf65d47fc826", 
                "6d8d0f7d73a9afaee667d71273e6e5e2", 
                "0feb0b50b99f0b303a5081ffb3c4446d", 
                "1f9910cafe0e5f39887b2d5ab4df0d10", 
                "1cef128513c05837f24796042b8e1cd9"
            ], 
            "sha512": []
        }, 
        "filenames": {
            "executables": [
                "kernel.dll", 
                "rundll32.exe"
            ], 
            "flash": [], 
            "documents": [
                "HS-P005_ReflectiveDllInjection.pdf", 
                "m_of_api_obfuscation_on_win32.pdf", 
                "rcs.pdf"
            ], 
            "compressed": [], 
            "web": [
                "earthlink_writeup.js", 
                "outlookpasswordsecrets.php"
            ]
        }
    }, 
    "attribution": [
        "?"
    ], 
    "group_name": [
        "?"
    ], 
    "indicators": {
        "domains": [], 
        "ips": {
            "ipv6addresses": [], 
            "ipv4addresses": [
                "134.170.185.13", 
                "209.190.20.147", 
                "209.190.20.148", 
                "209.190.20.149"
            ]
        }, 
        "emails": [
            "info@clearskysec.com", 
            "info@minerva-labs.com"
        ], 
        "urls": [
            "HTTP://DOMAIN/", 
            "http://securityxploded.com/outlookpasswordsecrets.php", 
            "http://syrianmalware.com/", 
            "http://www.clearskysec.com", 
            "http://www.codeproject.com/Articles/30815/An-Anti-Reverse-Engineering-Guide", 
            "http://www.harmonysecurity.com/files/HS-P005_ReflectiveDllInjection.pdf", 
            "http://www.minerva-labs.com", 
            "http://www.rohitab.com/discuss/topic/40069-keylogging-all-users-across-windows-7-professional/", 
            "http://www.symantec.com/security_response/earthlink_writeup.jsp?docid=2015-040923-3643-99", 
            "https://en.wikipedia.org/wiki/Matryoshka_doll", 
            "https://github.com/MinervaLabsResearch/BlogPosts", 
            "https://github.com/a0rtega/pafish", 
            "https://github.com/stephenfewer/ReflectiveDLLInjection", 
            "https://malwr.com/analysis/ZDg3Nzg3MDM3MWQwNDdmNTgwYWRmOTJkNWFhYTQ0ZjY/", 
            "https://securelist.com/blog/research/68817/the-desert-falcons-targeted-attacks/", 
            "https://www.sophos.com/en-us/threat-center/threat-analyses/viruses-and-spyware/Troj", 
            "https://www.symantec.com/content/en/us/enterprise/media/security_response/whitepapers/a_museu"
        ]
    }, 
    "metadata": {
        "tlp": "GREEN", 
        "date_analyzed": "2016-10-04 23:38", 
        "release_date": "??", 
        "report_name": "??", 
        "source": "??", 
        "authors": [
            "??"
        ], 
        "file_metadata": {
            "filetype": "PDF document, version 1.5", 
            "sha1": "7f4c806a2015d0629d545ad7736f1cf0d29113be", 
            "filesize": 2149083, 
            "filename": "Minerva_Clearsky_CopyKittens(11-23-15).pdf"
        }
    }, 
    "cves": []
}