{
    "malware": {
        "hashes": {
            "sha1s": [], 
            "sha256": [], 
            "ssdeep": [], 
            "md5s": [
                "c8b49b42e6ebb6b977ce7001b6bd96c8", 
                "0f9534b63cb7af1e3aa34839d7d6e632", 
                "70f5574e4e7ad360f4f5c2117a7a1ca7", 
                "01039a95e0a14767784acc8f07035935", 
                "3195110045f64a3c83fc3e043c46d253", 
                "26bd36cc57e30656363ca89910579f63", 
                "030da7510113c28ee68df8a19c643bb0", 
                "719cf63a3922953ceaca6fb4dbed6584", 
                "b55628a605a5dfb5005c44220ae03b8a", 
                "3a04a5d7ed785daa16f4ebfd3acf0867", 
                "ca770a4c9881afcd610aad30aa53f651", 
                "e00bf9b8261410744c10ae3fe2ce9049", 
                "b0a9a175e2407352214b2d005253bc0c", 
                "1dd593ad084e1526c8facce834b0e124", 
                "0d132ee171768dc30d14590ed2dbadd1", 
                "24083e6186bc773cd9c2e70a49309763", 
                "9018fa0826f237342471895f315dbf39", 
                "4cbd9a0832dcf23867b092de37c10d9d", 
                "42ffc84c6381a18b1f6d000b94c74b09", 
                "51ea28f4f3fa794d5b207475897b1eef", 
                "f8cb10b2ee8af6c5555e9cf3701b845f", 
                "98613ecb3afde5fc48ca4204f8363f1d", 
                "a9c045c401afb9766e2ca838dc6f47a4", 
                "2e64131c0426a18c1c363ec69ae6b5f2", 
                "e07ef8ffe965ec8b72041ddf9527cac4", 
                "f415470b9f0edc1298b1f6ae75dfaf31"
            ], 
            "sha512": []
        }, 
        "filenames": {
            "executables": [
                "Wuauctl.exe"
            ], 
            "flash": [
                "player.swf"
            ], 
            "documents": [], 
            "compressed": [], 
            "web": [
                "viewer.php"
            ]
        }
    }, 
    "attribution": [
        "?"
    ], 
    "group_name": [
        "?"
    ], 
    "indicators": {
        "domains": [], 
        "ips": {
            "ipv6addresses": [], 
            "ipv4addresses": [
                "103.226.132.7", 
                "103.254.16.168", 
                "122.228.193.115"
            ]
        }, 
        "emails": [], 
        "urls": [
            "http://researchcenter.paloaltonetworks.com/2015/07/unit-42-technical-analysis-seaduke/", 
            "http://www.symantec.com/connect/blogs/forkmeiamfamous-seaduke-latest-weapon-duke-armory", 
            "http://www.theregister.co.uk/2015/04/22/cozyduke_hackers_white_house_state_dept_malware/", 
            "https://securelist.com/blog/research/69731/the-cozyduke-apt/", 
            "https://www.illuminatistudios.net/mobile/viewer.php", 
            "https://www.illuminatistudios[.]net/mobile/viewer.php"
        ]
    }, 
    "metadata": {
        "tlp": "GREEN", 
        "date_analyzed": "2016-10-04 23:38", 
        "release_date": "??", 
        "report_name": "??", 
        "source": "??", 
        "authors": [
            "??"
        ], 
        "file_metadata": {
            "filetype": "PDF document, version 1.3", 
            "sha1": "d2e6c0c6d2e8dc72677482b8b4271568a3b2a9b9", 
            "filesize": 227156, 
            "filename": "MiniDionis_CozyCar_Seaduke.pdf"
        }
    }, 
    "cves": []
}