{
    "malware": {
        "hashes": {
            "sha1s": [], 
            "sha256": [], 
            "ssdeep": [], 
            "md5s": [
                "41bced8c65c5822d43cadad7d1dc49fd", 
                "7e68371ba3a988ff88e0fb54e2507f0d", 
                "486bb089b22998ec2560afa59008eafa", 
                "d39edc7922054a0f14a5b000a28e3329", 
                "53e5718adf6f5feb2e3bb3396a229ba8", 
                "0529b1d393f405bc2b2b33709dd57153", 
                "9831a7bfcf595351206a2ea5679fa65e", 
                "9fea62c042a8eda1d3f5ae54bad1e959", 
                "b778d0de33b66ffdaaf76ba01e7c5b7b"
            ], 
            "sha512": []
        }, 
        "filenames": {
            "executables": [
                "DSC00229.exe", 
                "NetcaEKeyClient.exe", 
                "USBDeview.exe", 
                "install_flashplayer.exe", 
                "install_flashplayer13x37.exe", 
                "jpg.exe", 
                "rtx.exe", 
                "sinopec.exe"
            ], 
            "flash": [], 
            "documents": [], 
            "compressed": [
                "install_flashplayer_mac.zip"
            ], 
            "web": []
        }
    }, 
    "attribution": [
        "?"
    ], 
    "group_name": [
        "?"
    ], 
    "indicators": {
        "domains": [
            "authen.mail.hairunaw.co"
        ], 
        "ips": {
            "ipv6addresses": [], 
            "ipv4addresses": [
                "128.127.106.243", 
                "146.0.43.107", 
                "167.114.184.117", 
                "173.208.157.117", 
                "176.31.22.77", 
                "185.29.8.39", 
                "192.187.120.45", 
                "193.169.244.73", 
                "62.113.238.135", 
                "64.62.174.176", 
                "91.229.77.179"
            ]
        }, 
        "emails": [], 
        "urls": []
    }, 
    "metadata": {
        "tlp": "GREEN", 
        "date_analyzed": "2016-10-04 23:38", 
        "release_date": "??", 
        "report_name": "??", 
        "source": "??", 
        "authors": [
            "??"
        ], 
        "file_metadata": {
            "filetype": "PDF document, version 1.5", 
            "sha1": "98e849a6be7fb956f5b17a183a2e00048f3bab25", 
            "filesize": 1487176, 
            "filename": "OceanLotusReport.pdf"
        }
    }, 
    "cves": []
}