{
    "malware": {
        "hashes": {
            "sha1s": [], 
            "sha256": [], 
            "ssdeep": [], 
            "md5s": [], 
            "sha512": []
        }, 
        "filenames": {
            "executables": [
                "dcp.exe", 
                "image.exe", 
                "images.exe", 
                "mdei.exe", 
                "unzip.exe", 
                "unzip2.exe", 
                "viewer.exe"
            ], 
            "flash": [], 
            "documents": [
                "pic.pdf"
            ], 
            "compressed": [
                "bar.zip", 
                "bare.zip"
            ], 
            "web": []
        }
    }, 
    "attribution": [
        "?"
    ], 
    "group_name": [
        "?"
    ], 
    "indicators": {
        "domains": [
            "aagi.bat", 
            "bar.zip", 
            "bare.zip", 
            "cogi.reg", 
            "dcp.exe", 
            "deca.bat", 
            "di.vbs", 
            "ici.bat", 
            "iei.bat", 
            "iewi.bat", 
            "image.abc", 
            "image.exe", 
            "images.abc", 
            "images.exe", 
            "keeprun.ini", 
            "mdei.abc", 
            "mdei.exe", 
            "pandasecurity.com", 
            "pic.pdf", 
            "sai.vbs", 
            "stat.vbs", 
            "unzip.exe", 
            "unzip2.exe"
        ], 
        "ips": {
            "ipv6addresses": [], 
            "ipv4addresses": []
        }, 
        "emails": [
            "5@gmail.com"
        ], 
        "urls": []
    }, 
    "metadata": {
        "tlp": "GREEN", 
        "date_analyzed": "2016-10-04 23:39", 
        "release_date": "??", 
        "report_name": "??", 
        "source": "??", 
        "authors": [
            "??"
        ], 
        "file_metadata": {
            "filetype": "PDF document, version 1.4", 
            "sha1": "538701feeead706e34d24cf2b831071ac2f600cb", 
            "filesize": 2295790, 
            "filename": "oil-tanker-en.pdf"
        }
    }, 
    "cves": []
}