{
    "malware": {
        "hashes": {
            "sha1s": [], 
            "sha256": [
                "bc65e2859f243ff45b12cd184bfed7b809f74e67e5bb61bc92ed94058d3d2515", 
                "0ff134057a8b2e31b148fedfdd185f5b1a512149499a8c5c0915cf10b10a613e", 
                "93c85a8dd0becc4e396eea2dc15c0010ff58d2b873d44fd7e45711a27cfe613b"
            ], 
            "ssdeep": [], 
            "md5s": [], 
            "sha512": []
        }, 
        "filenames": {
            "executables": [], 
            "flash": [], 
            "documents": [], 
            "compressed": [], 
            "web": []
        }
    }, 
    "attribution": [
        "?"
    ], 
    "group_name": [
        "?"
    ], 
    "indicators": {
        "domains": [], 
        "ips": {
            "ipv6addresses": [], 
            "ipv4addresses": []
        }, 
        "emails": [], 
        "urls": []
    }, 
    "metadata": {
        "tlp": "GREEN", 
        "date_analyzed": "2016-10-04 23:38", 
        "release_date": "??", 
        "report_name": "??", 
        "source": "??", 
        "authors": [
            "??"
        ], 
        "file_metadata": {
            "filetype": "PDF document, version 1.3", 
            "sha1": "d2e17e228e02df878f807b112f78afdc13cc6bca", 
            "filesize": 87495, 
            "filename": "P2P_PlugX_Analysis.pdf"
        }
    }, 
    "cves": []
}