{
    "malware": {
        "hashes": {
            "sha1s": [
                "30e4decd68808cb607c2aba4aa69fb5fdb598c64", 
                "05298a48e4ca6d9778b32259c8ae74527be33815", 
                "176e92e7cfc0e57be83e901c36ba17b255ba0b1b"
            ], 
            "sha256": [], 
            "ssdeep": [], 
            "md5s": [], 
            "sha512": []
        }, 
        "filenames": {
            "executables": [], 
            "flash": [], 
            "documents": [], 
            "compressed": [], 
            "web": []
        }
    }, 
    "attribution": [
        "?"
    ], 
    "group_name": [
        "?"
    ], 
    "indicators": {
        "domains": [], 
        "ips": {
            "ipv6addresses": [], 
            "ipv4addresses": []
        }, 
        "emails": [], 
        "urls": [
            "https://www."
        ]
    }, 
    "metadata": {
        "tlp": "GREEN", 
        "date_analyzed": "2016-10-04 23:38", 
        "release_date": "??", 
        "report_name": "??", 
        "source": "??", 
        "authors": [
            "??"
        ], 
        "file_metadata": {
            "filetype": "PDF document, version 1.3", 
            "sha1": "4e645016b3627272cceb28a3b8bbba536eb9a6b4", 
            "filesize": 710237, 
            "filename": "PawnStorm_iOS.pdf"
        }
    }, 
    "cves": []
}