{
    "malware": {
        "hashes": {
            "sha1s": [
                "739405cad3650ed0447a475f50f814f7c9787ff4", 
                "6f845ef154a0b456afcf8b562a0387dabf4f5f85", 
                "19e9dfabdb9b10a90b62c12f205ff0d1eeef3f14", 
                "6340a7916db67c1b6dc1731014bb440435578c66", 
                "d746ca9b74fb04782e0e783980f7702a9356f1c7", 
                "8ee8ab984cb01762dfc6d341278b87a7c83906cf", 
                "03b2a660d68004444a5189173e3b8001f4a7cd0b", 
                "dea6525b696df4643b10eb91381d95eec51479d7", 
                "e8a29bb90422fa6116563073725fa54169998325", 
                "a7e52cb429ac22cc20be77158f97d6f9dd887e1f", 
                "a4602a357360b0ed8e9b0814b1322146156fb7f6", 
                "56b3f0f03ae12b56c000df67c1153d518c8a66fc", 
                "9b90d6608ba6167619b5991fd70319dfcd1fa881", 
                "a97827aef54e7969b9cbbec64d9ee81a835f2240", 
                "147fbdfeed9f0825026b3b3ce558c3ad00410b11"
            ], 
            "sha256": [], 
            "ssdeep": [], 
            "md5s": [], 
            "sha512": []
        }, 
        "filenames": {
            "executables": [
                "RasTls.dll", 
                "RasTls.exe", 
                "fsguidll.exe", 
                "fslapi.dll", 
                "msi.dll", 
                "n.dll", 
                "usha.exe", 
                "ushata.dll"
            ], 
            "flash": [], 
            "documents": [
                "2015.doc", 
                "IS.doc", 
                "Recipe.doc", 
                "Resolutions1267.doc", 
                "System.doc", 
                "Talks.doc", 
                "Tibet.doc", 
                "_India_to_formulate_smart_city_action_plans_in_three_months.doc", 
                "amniyati.doc", 
                "january_final.doc", 
                "meeting.doc"
            ], 
            "compressed": [], 
            "web": [
                "analysis-of-a-r-ff05.html", 
                "the-curious-case-of-encoded-vb-scripts-apt-nineblog.html", 
                "the-persistent-malware-without-a-file.html"
            ]
        }
    }, 
    "attribution": [
        "?"
    ], 
    "group_name": [
        "?"
    ], 
    "indicators": {
        "domains": [
            "1180-06.14dd.tpna.simple"
        ], 
        "ips": {
            "ipv6addresses": [], 
            "ipv4addresses": []
        }, 
        "emails": [
            "battuya_2002@yahoo.com", 
            "bitumberls@163.com", 
            "nasales@sophos.com", 
            "sales@sophos.com", 
            "sales@sophos.com.au", 
            "salesasia@sophos.com", 
            "stanlee@gmail.com"
        ], 
        "urls": [
            "http://blog.jpcert.or.jp/2015/01/analysis-of-a-r-ff05.", 
            "http://blog.jpcert.or.jp/2015/01/analysis-of-a-r-ff05.html].", 
            "http://blogs.sophos.", 
            "http://www.fireeye.com/blog/technical/", 
            "https://blog.gdatasoftware.com/blog/article/poweliks-", 
            "https://nakedsecurity.", 
            "https://nakedsecurity.sophos.com/2013/07/15/", 
            "https://nakedsecurity.sophos.com/2014/06/30/from-the-"
        ]
    }, 
    "metadata": {
        "tlp": "GREEN", 
        "date_analyzed": "2016-10-04 23:39", 
        "release_date": "??", 
        "report_name": "??", 
        "source": "??", 
        "authors": [
            "??"
        ], 
        "file_metadata": {
            "filetype": "PDF document, version 1.6", 
            "sha1": "fc1d350810c19c94b1f3642fa08f50bf914ab821", 
            "filesize": 3458573, 
            "filename": "plugx-goes-to-the-registry-and-india.pdf"
        }
    }, 
    "cves": [
        "CVE-2014-1761", 
        "CVE-2012-0158"
    ]
}