{
    "malware": {
        "hashes": {
            "sha1s": [], 
            "sha256": [], 
            "ssdeep": [], 
            "md5s": [
                "e6d1dcc6c2601e592f2b03f35b06fa8f", 
                "554450c1ecb925693fedbb9e56702646", 
                "cb1b68d9971c2353c2d6a8119c49b51f"
            ], 
            "sha512": []
        }, 
        "filenames": {
            "executables": [
                "CARBON.dll", 
                "adobeupdater.exe", 
                "carbon_system.dll", 
                "chrome.exe", 
                "firefox.exe", 
                "iexplore.exe", 
                "ipvpn.dll", 
                "kmsvc.dll", 
                "mozilla.exe", 
                "msimghlp.dll", 
                "msimn.exe", 
                "msximl.dll", 
                "netscape.exe", 
                "opera.exe", 
                "outlook.exe", 
                "srsvc.dll"
            ], 
            "flash": [], 
            "documents": [], 
            "compressed": [], 
            "web": [
                "class-wp-edit.php", 
                "feed-rss-comments.php", 
                "feed.php", 
                "ms-set.php"
            ]
        }
    }, 
    "attribution": [
        "?"
    ], 
    "group_name": [
        "?"
    ], 
    "indicators": {
        "domains": [
            "ipvpn.dll", 
            "microsoft.com", 
            "srsvc.dll", 
            "update.microsoft.com", 
            "windowsupdate.microsoft.com", 
            "www.bing.com", 
            "www.google.com", 
            "www.yahoo.com"
        ], 
        "ips": {
            "ipv6addresses": [], 
            "ipv4addresses": []
        }, 
        "emails": [
            "paul@gdata"
        ], 
        "urls": []
    }, 
    "metadata": {
        "tlp": "GREEN", 
        "date_analyzed": "2016-10-04 23:38", 
        "release_date": "??", 
        "report_name": "??", 
        "source": "??", 
        "authors": [
            "??"
        ], 
        "file_metadata": {
            "filetype": "PDF document, version 1.3", 
            "sha1": "6df16b7ff93a44fcbec3b656645631b864175bcf", 
            "filesize": 288778, 
            "filename": "Project_Cobra_Analysis.pdf"
        }
    }, 
    "cves": []
}