{
    "malware": {
        "hashes": {
            "sha1s": [], 
            "sha256": [], 
            "ssdeep": [], 
            "md5s": [
                "6c34031d7a5fc2b091b623981a8ae61c", 
                "42eaf2ab25c9ead201f25ecbdc96fb60", 
                "29105f46e4d33f66fee346cfd099d1cc"
            ], 
            "sha512": []
        }, 
        "filenames": {
            "executables": [
                "advapi32.dll", 
                "cmd.exe", 
                "dllhost.exe", 
                "gdi32.dll", 
                "ipconfig.exe", 
                "kernel32.dll", 
                "lsass.exe", 
                "msvcrt.dll", 
                "net.exe", 
                "netstat.exe", 
                "ntdll.dll", 
                "ntoskrnl.exe", 
                "ping.exe", 
                "shell32.dll", 
                "svchost.exe", 
                "tracert.exe", 
                "user32.dll"
            ], 
            "flash": [], 
            "documents": [], 
            "compressed": [], 
            "web": []
        }
    }, 
    "attribution": [
        "?"
    ], 
    "group_name": [
        "?"
    ], 
    "indicators": {
        "domains": [
            "shell32.dll"
        ], 
        "ips": {
            "ipv6addresses": [], 
            "ipv4addresses": []
        }, 
        "emails": [], 
        "urls": []
    }, 
    "metadata": {
        "tlp": "GREEN", 
        "date_analyzed": "2016-10-04 23:38", 
        "release_date": "??", 
        "report_name": "??", 
        "source": "??", 
        "authors": [
            "??"
        ], 
        "file_metadata": {
            "filetype": "PDF document, version 1.3", 
            "sha1": "630eea3f1bc9158570c53d70fc70b31003305f5c", 
            "filesize": 173061, 
            "filename": "Regin_Hopscotch_Legspin.pdf"
        }
    }, 
    "cves": []
}