{
    "malware": {
        "hashes": {
            "sha1s": [], 
            "sha256": [], 
            "ssdeep": [], 
            "md5s": [
                "63fb57fd90590c3c0d0d95d86b6df66d", 
                "64a17f5177157bb8c4199d38c46ec93b", 
                "692265ba1d4a5b2773e596d3491ed2be", 
                "a19e70ffa130a096753463b23733927d", 
                "fda3816d0bac2e4791cbcfaf33416633", 
                "1328d3d4872bfe2c98fd7b672d8dff1b", 
                "d023fc719fba710b44f140deff3f83e4", 
                "4d70791db506cb04e62b607e1f57699c", 
                "27c2b873849227de45ec10fca112f322", 
                "29e79080b2b2de01b53223542b46d570", 
                "64eb08013399e3ac18c936d361d80e17", 
                "163595b20debdeccdeaf4cb14fba737c", 
                "e65bdb88e606c45521ab2c04c650ed86", 
                "6b5aabd26998568d9ca628713b53cacf", 
                "de65eed45ac210c66db8082f1a72db8f", 
                "bd4769f37de88321a9b64e5f85baf1ef", 
                "c808ef1ab997d0234ee889ecd5176c8e", 
                "a1e0d40715f66f30aad44ab4c15a474a", 
                "ae1ea30e6fb834599a8fed11a9b00314", 
                "9491c4e0c08c9347421ae352f14a1329", 
                "2a456e35918700bc76f6ec1dd9ea93a1", 
                "39632325327bf21f7d9cf02caf065646", 
                "931bafa20756eaf8b5371222b5b81a61", 
                "4bd3ea86eb7d63b1bdd001e6adbe8b89", 
                "8a0a36d0d1d91b357e5ce8f84ad16346", 
                "d4b4367f874c9c8d645b1560f9d259ea", 
                "f7f8538d2ab0ffee878a4e512230f97d", 
                "3ffc4e4081854d04d8217c2ebabdd61d", 
                "d1f817744f79dad415a526c4ce51bed9", 
                "b9623abd519ee688e0b9d9350c83e209", 
                "4cd035012ec6015e48f6fb7001330a95", 
                "1b20ea5887775f8eddf5aecd5d220154", 
                "7576127f8bd805b30d0016d897211f54", 
                "980c6e7f8a10144a28730f3f0adb99d0", 
                "0187be3ccf42c143ab96e7bbf2efbf2f", 
                "f18dedf9f5d213deba18a2e037819ea1", 
                "b91315805ef1df07bdbfa07d3a467424", 
                "0bf0e05247b986c484dbfe53ebb8ac48", 
                "44df02ac28d80deb45f5c7c48b56a858", 
                "a577701d4b5ada66912a242a7772b48a", 
                "99655bacbe845ad30c6c5ed56a7e13d4", 
                "7247d42b3b4632dc7ed9d8559596fff8", 
                "0e24a0060493bcb85ce4a5110550f204", 
                "e0b1caec74f31e8196a250f133f4345a", 
                "6439ccba5b06e434953ba209b8b07107", 
                "c421f4e12892d4ac345e7b03f6a053d2", 
                "e2a624302af7a3eeb59cbb58f36b0fac", 
                "dd08f85686bd48e4bab310d8fbff81a4", 
                "ff97bc797ed27b5e21e4e4a6e7443219", 
                "4e007cb87626f0093a84ed50b1d27a7f", 
                "e0625817eb11874d806909a8c190d45a", 
                "748b8aca1c17415648b80f0038381097", 
                "e11aeb603cb7a31c2028976a2deed550", 
                "9d351b9ee731d88f12fcaa64010e828d", 
                "d87356940d3b15d87453ead6374691ab", 
                "e403972c890cf2eb0a361a91ac5ffe5e", 
                "81ef5426583e1d6df4193f38402b40c1", 
                "b44da59fdaf10fea8bce51772f67b9a9", 
                "182c7b1ad894852d23f4de538e59ac2b", 
                "5e334057856967a5d31c266c550549b0", 
                "89dda79018d6216970a274b16b3494ad", 
                "a9e5ec23ccdec9cd79af771e2dbf54d5", 
                "78c5670e2cee9b5c3b88aa9cb27519be", 
                "4268e2a8209429155ef5df22ca17c0be", 
                "57cbbe8e7d18b1980cfc4bc87121b2c7", 
                "0cc7b05c220ecbeb52891d49f1ab41ab", 
                "e41c913327e6974730da99e7c327a2a2", 
                "36875b44145cf20b8d3148e7f7efcea0", 
                "b23b16b3cccba9c1ecd0c0d17cc48979", 
                "ef56383f53b7ccb08016737c98fe2982", 
                "f893d5d351a3ffc1f89a8ec8147cd060", 
                "d32aaf60744678e559db59fbe2daa938", 
                "b68a7e216cb0d18030048935b67e0d68", 
                "508deeb6a5a37e9f94d5d4733ce0352f", 
                "47702a6cdc59859ec97c99aa31148ae6", 
                "97a35a7471e0951ee4ed8581d2941601", 
                "bc167bca4ca3cf6f2f2bd7e90ecdeb29", 
                "24f1658f3f38245dc15b9619bc97979b", 
                "7091f135e4718586d16b56c04b21a6b7", 
                "dc33cbf669df01302ddd124b028a4fd9", 
                "6608ce246612d490f3b044627a5e6d9e", 
                "c79ad54dead0b446fe8fac60cbd133a7", 
                "a691e4b629da2b37dd87e760bfb0106e", 
                "d620deacd018da09a69e24cb978f556d", 
                "8af83d74033aded17af538e4ccf12092", 
                "d672e9789f22b806a295f0dd2122316a", 
                "202eb180f5faa8460941ae60cf63da63", 
                "5ae84cadc1ea5a4bcc027a19eca514c5", 
                "465a0bf22cd101dbd502a2576f10ceb4"
            ], 
            "sha512": []
        }, 
        "filenames": {
            "executables": [
                "AdobeReader-9-En-Us.exe", 
                "Amer-Mohemmeh.exe", 
                "Billiards.exe", 
                "Displaced-Syrians-Suffering_cod.exe", 
                "Eye-Protector-Portial-Setup.exe", 
                "Facebook-Account.exe", 
                "GoogleUpdate.exe", 
                "Imo-Pic.exe", 
                "IslamArmyThem.exe", 
                "JetCleanSetup.exe", 
                "Keyboard-Sounds.exe", 
                "Live-Chat-ooVoo-Setup.exe", 
                "Pdf-to-Word-Converter.exe", 
                "Russia-vs-Amerika.exe", 
                "Syrian-Girl-Against-Regime.exe", 
                "Syrian-Girl-Against-Regime_gpj.exe", 
                "Syrian-chlidren-under-execution_fdp.exe", 
                "VPN7.exe", 
                "Video-Downloader.exe", 
                "adobe32en.exe", 
                "adobeflash.exe", 
                "adobeinsx86.exe", 
                "adobereader-86x-64x.exe", 
                "adobereader-86x.exe", 
                "adobereadersetup-86x.exe", 
                "adobesetup.exe", 
                "adobesetup32.exe", 
                "adobesetupx86.exe", 
                "adobred-86x.exe", 
                "bayan09072013_pdf.exe", 
                "chrome.exe", 
                "cvtres.exe", 
                "diplaced-syrian-people-cod.exe", 
                "firefox.exe", 
                "flashplayer11.exe", 
                "flashplayer11x32_gdrd_aih.exe", 
                "from-aliwa2-doctor-salim-dris-to-whom-it-may-concern.exe", 
                "google-update.exe", 
                "googleupdate.exe", 
                "gpj.exe", 
                "idm-en-setup.exe", 
                "iexplore.exe", 
                "install_flashplayer11x32_gdrd_aih.exe", 
                "ldahya12300012.exe", 
                "microsoft-update.exe", 
                "microtec.exe", 
                "msvcm90.dll", 
                "msvcp90.dll", 
                "msvcr90.dll", 
                "nazhin.exe", 
                "python27.dll", 
                "reporthezbolla20072013_pdf.exe", 
                "sfx.exe", 
                "skype.exe", 
                "vbc.exe", 
                "vpn7x32.exe"
            ], 
            "flash": [], 
            "documents": [
                "78c5670e2cee9b5c3b88aa9cb27519be.pdf", 
                "9d351b9ee731d88f12fcaa64010e828d.pdf", 
                "KL_report_syrian_malware.pdf", 
                "Yabrod.pdf", 
                "keys.txt", 
                "yabrod.pdf"
            ], 
            "compressed": [], 
            "web": [
                "threat-intelligence-reports.html"
            ]
        }
    }, 
    "attribution": [
        "?"
    ], 
    "group_name": [
        "?"
    ], 
    "indicators": {
        "domains": [
            "78c5670e2cee9b5c3b88aa9cb27519be.pdf", 
            "9d351b9ee731d88f12fcaa64010e828d.pdf", 
            "adobe32en.sfx.exe", 
            "adobeflash.exe", 
            "adobeflash.sfx.exe", 
            "adobeinsx86.exe", 
            "adobereader-86x-64x.exe", 
            "adobereader-86x-64x.sfx.exe", 
            "adobereader-86x.exe", 
            "adobereader-86x.sfx.exe", 
            "adobereader-9-en-us.exe", 
            "adobereadersetup-86x.sfx.exe", 
            "adobesetup.exe", 
            "adobesetup.sfx.exe", 
            "adobesetup32.sfx.exe", 
            "adobesetupx86.exe", 
            "adobesetupx86.sfx.exe", 
            "adobex86setup.sfx.exe", 
            "adobred-86x.exe", 
            "adobred-86x.sfx.exe", 
            "amer-mohemmeh.exe", 
            "billiards.exe", 
            "diplaced-syrian-people-cod.exe", 
            "eye-protector-portial-setup.exe", 
            "facebook-account.exe", 
            "from-aliwa2-doctor-salim-dris-to-whom-it-may-concern.exe", 
            "google-update.exe", 
            "google-update.sfx.exe", 
            "greenhill.png", 
            "idm-en-setup.exe", 
            "islamarmythem.exe", 
            "jetcleansetup.exe", 
            "keyboard-sounds.exe", 
            "ldahya12300012.exe", 
            "live-chat-oovoo-setup.exe", 
            "microsoft-update.exe", 
            "microsoft-update.sfx.exe", 
            "microtec.exe", 
            "microtec.sfx.exe", 
            "nazhin.exe", 
            "new-iman-picture.pif", 
            "office-word-update.sfx.exe", 
            "oovoo-setup.sfx.exe", 
            "pdf-to-word-converter.exe", 
            "rasoo-dl.apk", 
            "russia-vs-amerika.exe", 
            "syria-twitter.apk", 
            "unicodedata.pyd", 
            "update-flashplayer11.sfx.exe", 
            "video-downloader.exe", 
            "vpn7.exe", 
            "yabrod.pdf"
        ], 
        "ips": {
            "ipv6addresses": [], 
            "ipv4addresses": [
                "49.1.1.11", 
                "80.241.223.128"
            ]
        }, 
        "emails": [
            "Wh@t1sTh3re", 
            "info@fireeye.com", 
            "pWh@t1sTh3re"
        ], 
        "urls": [
            "http://alkhaleejonline.net/", 
            "http://ar.wikipedia.org/wiki/9%D9%85113_%D9%83%D9%88%D9%86%D9%83%D9%88%D8%B1%D8%B3is", 
            "http://blogs.msdn.com/b/ericfitz/archive/2011/08/22/off-topic-unicode-right-to-left-override-character-used-by-malware.aspx", 
            "http://eldeeb.net/wrdprs/?page_id=229", 
            "http://syria-cyber-warfare-intel-leak.pen.io", 
            "http://www.cbsnews.com/news/to-fight-assad-syrian-opposition-logs-on-at-any-cost/", 
            "http://www.pyinstaller.org/", 
            "http://www.washingtonpost.com/blogs/worldviews/wp/2012/11/30/can-u-s-communication-kits-help-syrians-get-around-the-Internet-blackout/", 
            "https://citizenlab.org/2014/12/malware-attack-targeting-syrian-isis-critics/", 
            "https://github.com/SherifEldeeb/UniLogger/blob/master/Source.cpp", 
            "https://securelist.com/files/2014/08/KL_report_syrian_malware.pdf", 
            "https://securelist.com/files/2014/08/KL_report_syrian_malware.pdf;", 
            "https://www.eff.org/document/quantum-surveillance-familiar-actors-and-possible-false-flags-syrian-malware-campaigns", 
            "https://www.eff.org/document/quantum-surveillance-familiar-actors-and-possible-false-flags-syrian-malware-campaigns;", 
            "https://www.microsoft.com/resources/documentation/windows/xp/all/proddocs/en-us/windows_pif_create.mspx"
        ]
    }, 
    "metadata": {
        "tlp": "GREEN", 
        "date_analyzed": "2016-10-04 23:40", 
        "release_date": "??", 
        "report_name": "??", 
        "source": "??", 
        "authors": [
            "??"
        ], 
        "file_metadata": {
            "filetype": "PDF document, version 1.4", 
            "sha1": "4751fe686fb4e305ef49296f46ac33139114232b", 
            "filesize": 4628230, 
            "filename": "rpt-behind-the-syria-conflict.pdf"
        }
    }, 
    "cves": []
}