{
    "malware": {
        "hashes": {
            "sha1s": [], 
            "sha256": [], 
            "ssdeep": [], 
            "md5s": [], 
            "sha512": []
        }, 
        "filenames": {
            "executables": [], 
            "flash": [], 
            "documents": [], 
            "compressed": [], 
            "web": []
        }
    }, 
    "attribution": [
        "?"
    ], 
    "group_name": [
        "?"
    ], 
    "indicators": {
        "domains": [
            "downloader.pnaip"
        ], 
        "ips": {
            "ipv6addresses": [], 
            "ipv4addresses": []
        }, 
        "emails": [
            "info@fireeye.com"
        ], 
        "urls": []
    }, 
    "metadata": {
        "tlp": "GREEN", 
        "date_analyzed": "2016-10-04 23:40", 
        "release_date": "??", 
        "report_name": "??", 
        "source": "??", 
        "authors": [
            "??"
        ], 
        "file_metadata": {
            "filetype": "PDF document, version 1.4", 
            "sha1": "7c69db91f21ee20f7abcb4d95f21c4a17bfa6d17", 
            "filesize": 5470857, 
            "filename": "rpt-southeast-asia-threat-landscape.pdf"
        }
    }, 
    "cves": []
}