{
    "malware": {
        "hashes": {
            "sha1s": [
                "ad61e8daeeba43e442514b177a1b41ad4b7c6727", 
                "5083b17ccc50dd0557dfc544f84e2ab55d6acd92"
            ], 
            "sha256": [], 
            "ssdeep": [], 
            "md5s": [
                "bf45086e6334f647fda33576e2a05826", 
                "66da7ed621149975f6e643b4f9886cfd"
            ], 
            "sha512": []
        }, 
        "filenames": {
            "executables": [
                "HookDC.dll", 
                "PSEXESVC.exe", 
                "PsExec.exe", 
                "cryptdll.dll", 
                "lsass.exe", 
                "msuta64.dll", 
                "ole.dll", 
                "ole32.dll", 
                "ole64.dll", 
                "rundll32.exe", 
                "samsrv.dll"
            ], 
            "flash": [], 
            "documents": [], 
            "compressed": [], 
            "web": []
        }
    }, 
    "attribution": [
        "?"
    ], 
    "group_name": [
        "?"
    ], 
    "indicators": {
        "domains": [
            "msuta64.dll", 
            "ole64.dll"
        ], 
        "ips": {
            "ipv6addresses": [], 
            "ipv4addresses": []
        }, 
        "emails": [], 
        "urls": [
            "http://www.secureworks.com/cyber-threat-intelligence/threats/skeleton-key-malware-"
        ]
    }, 
    "metadata": {
        "tlp": "GREEN", 
        "date_analyzed": "2016-10-04 23:38", 
        "release_date": "??", 
        "report_name": "??", 
        "source": "??", 
        "authors": [
            "??"
        ], 
        "file_metadata": {
            "filetype": "PDF document, version 1.3", 
            "sha1": "28f35f4b95e66030cf2a330bae394bbf8805b34f", 
            "filesize": 128938, 
            "filename": "Skeleton_Key_Analysis.pdf"
        }
    }, 
    "cves": []
}