{
    "malware": {
        "hashes": {
            "sha1s": [], 
            "sha256": [
                "4575e7fc8f156d1d499aab5064a4832953cd43795574b4c7b9165cdc92993ce5", 
                "e42b8385e1aecd89a94a740a2c7cd5ef157b091fabd52cd6f86e47534ca2863e", 
                "d7bd289e6cee228eb46a1be1fcdc3a2bd5251bc1eafb59f8111756777d8f373d", 
                "deed6e2a31349253143d4069613905e1dfc3ad4589f6987388de13e33ac187fc", 
                "9b8257000b05116a3631630c44b9f6b18c13e5bc5635c1fa3f20a01f70380909", 
                "3a2d5ce9f5f953f0499773a05f26317f9f6745352031bb8dafbb6aadf0e8e57b", 
                "ad1a507709c75fe93708ce9ca1227c5fefa812997ed9104ff9adfec62a3ec2bb"
            ], 
            "ssdeep": [], 
            "md5s": [
                "e421d07c316ab6e04fd0bfa122f1d953", 
                "E10ADC3949BA59ABBE56E057F20F883E", 
                "ef938cd1594b6b44507c6423cd39d5f5", 
                "7b18614df95e71032909beb25a7b1e87", 
                "bccbba3ed45ead051f56fc62fef005a6", 
                "531d30c8ee27d62e6fbe855299d0e7de", 
                "81c08ae40700d863f5dbd35599192962"
            ], 
            "sha512": []
        }, 
        "filenames": {
            "executables": [
                "Win64.exe", 
                "c.exe", 
                "cmd.exe", 
                "fatjse.exe", 
                "nbstat.exe", 
                "rasauto.dll", 
                "s.exe"
            ], 
            "flash": [], 
            "documents": [
                "RSA-IR-Case-Study.pdf", 
                "ThemanyfacesofGh0stRat.pdf", 
                "h12756-wp-shell-crew.pdf", 
                "wp-know-your-digital-enemy.pdf"
            ], 
            "compressed": [], 
            "web": [
                "avzhan-botnet-the-story-of-evolution.html", 
                "ipdetails.html", 
                "writeup.js"
            ]
        }
    }, 
    "attribution": [
        "?"
    ], 
    "group_name": [
        "?"
    ], 
    "indicators": {
        "domains": [], 
        "ips": {
            "ipv6addresses": [], 
            "ipv4addresses": []
        }, 
        "emails": [
            "conops@rsa.com"
        ], 
        "urls": [
            "http://blog.crowdstrike.com/crowdstrike-discovers-use-64-bit-zero-day-privilege-escalation-exploit-cve-2014-4113-hurricane-panda/", 
            "http://blog.trendmicro.com/trendlabs-security-intelligence/certificate-snatching-zeus-copies-kasperskys-digital-signature/", 
            "http://download01.norman.no/documents/ThemanyfacesofGh0stRat.pdf", 
            "http://dshield.org/ipdetails.html?ip=58.162.xx.xx", 
            "http://www.arbornetworks.com/asert/2010/09/another-family-of-ddos-bots-avzhan", 
            "http://www.emc.com/collateral/white-papers/h12756-wp-shell-crew.pdf", 
            "http://www.mcafee.com/us/resources/white-papers/foundstone/wp-know-your-digital-enemy.pdf", 
            "http://www.microsoft.com/security/portal/threat/encyclopedia/entry.aspx?Name=TrojanDropper:Win32/Zegost.B", 
            "http://www.rejetto.com/hfs/", 
            "http://www.symantec.com/security_response/writeup.jsp?docid=2003-122516-0717-99&tabid=2", 
            "http://www.trendmicro.com/vinfo/us/threat-encyclopedia/malware/zegost", 
            "http://xiuxiu.web.meitu.com", 
            "https://blogs.rsa.com/wp-content/uploads/2015/05/RSA-IR-Case-Study.pdf", 
            "https://en.wikipedia.org/wiki/Web_bug", 
            "https://github.com/CoreSecurity/impacket/blob/master/examples/wmiexec.py", 
            "https://whois.domaintools.com/211.153.xx.x", 
            "https://www.fireeye.com/blog/threat-research/2010/10/avzhan-botnet-the-story-of-evolution.html", 
            "https://www.virustotal.com/en/file/3a2d5ce9f5f953f0499773a05f26317f9f6745352031bb8dafbb6aadf0e8e57b/analysis/", 
            "https://www.virustotal.com/en/file/4575e7fc8f156d1d499aab5064a4832953cd43795574b4c7b9165cdc92993ce5/analysis/", 
            "https://www.virustotal.com/en/file/9b8257000b05116a3631630c44b9f6b18c13e5bc5635c1fa3f20a01f70380909/analysis/", 
            "https://www.virustotal.com/en/file/ad1a507709c75fe93708ce9ca1227c5fefa812997ed9104ff9adfec62a3ec2bb/analysis/", 
            "https://www.virustotal.com/en/file/d7bd289e6cee228eb46a1be1fcdc3a2bd5251bc1eafb59f8111756777d8f373d/analysis/1429772817/", 
            "https://www.virustotal.com/en/file/deed6e2a31349253143d4069613905e1dfc3ad4589f6987388de13e33ac187fc/analysis/", 
            "https://www.virustotal.com/en/file/e42b8385e1aecd89a94a740a2c7cd5ef157b091fabd52cd6f86e47534ca2863e/analysis/", 
            "https://www.virustotal.com/en/ip-address/211.153.xx.2xx/information/", 
            "https://www.virustotal.com/en/ip-address/211.153.xx.x/information/"
        ]
    }, 
    "metadata": {
        "tlp": "GREEN", 
        "date_analyzed": "2016-10-04 23:38", 
        "release_date": "??", 
        "report_name": "??", 
        "source": "??", 
        "authors": [
            "??"
        ], 
        "file_metadata": {
            "filetype": "PDF document, version 1.3", 
            "sha1": "e820638a0c4690636ebac596e0bbc040308aa040", 
            "filesize": 2106821, 
            "filename": "Terracotta-VPN-Report-Final-8-3.pdf"
        }
    }, 
    "cves": [
        "cve-2014-4113"
    ]
}