{
    "malware": {
        "hashes": {
            "sha1s": [
                "b67572a18282e79974dc61fffb8ca3d0f4fca1b0", 
                "476489f75fed479f19bac02c79ce1befc62a6633", 
                "d5b2b30fe2d4759c199e3659d561a50f88a7fb2e"
            ], 
            "sha256": [
                "072a43123e755ad1bdd159488a85a353227ec51f273c4f79c26ff7e4656c0ef4", 
                "1c9e519dca0468a87322bebe2a06741136de7969a4eb3efda0ab8db83f0807b4", 
                "69e48eb82ce7387d65cc1a82c5a6a170dc6121d479736b1dd33358d09c483617"
            ], 
            "ssdeep": [], 
            "md5s": [
                "55ff220e38556ff902528ac984fc72dc", 
                "b4790618672197cab31681994bbc10a4", 
                "60f5bc820cf38e78b51e1e20fed290b5"
            ], 
            "sha512": []
        }, 
        "filenames": {
            "executables": [
                "wlg.exe"
            ], 
            "flash": [], 
            "documents": [
                "20150311_WASP.pdf", 
                "Document.pdf", 
                "fireeye-operation-saffron-rose.pdf", 
                "goldfish.pdf", 
                "wp-operation-woolen-goldfish.pdf"
            ], 
            "compressed": [], 
            "web": [
                "index.php"
            ]
        }
    }, 
    "attribution": [
        "?"
    ], 
    "group_name": [
        "?"
    ], 
    "indicators": {
        "domains": [], 
        "ips": {
            "ipv6addresses": [], 
            "ipv4addresses": [
                "107.6.172.51", 
                "31.192.105.10", 
                "5.39.223.227"
            ]
        }, 
        "emails": [
            "aduse@google.com", 
            "persian@bbc.co.uk", 
            "saeed.kn2003@gmail.com"
        ], 
        "urls": [
            "http://webcache.googleusercontent.com/search?q=cache:dzV7dGdsTU8J:theatre.fsu.edu/index.php/content/downlo", 
            "http://www.clearskysec.com/gholee-a-protective-edge-themed-spear-phishing-campaign", 
            "http://www.isightpartners.com/2014/06/uncovering-newscaster-experts-cyber-threat-intelligence/", 
            "http://www.thmrsite.com/?page_id=198", 
            "http://www.trendmicro.com/cloud-content/us/pdfs/security-intelligence/white-papers/wp-operation-woolen-", 
            "http://www.trendmicro.com/cloud-content/us/pdfs/security-intelligence/white-papers/wp-operation-woolen-goldfish.pdf", 
            "https://www.fireeye.com/resources/pdfs/fireeye-operation-saffron-rose.pdf", 
            "https://www.google.com/accounts/recovery/", 
            "https://www.google.com/url?q=http://login-users.com/Drive-"
        ]
    }, 
    "metadata": {
        "tlp": "GREEN", 
        "date_analyzed": "2016-10-04 23:38", 
        "release_date": "??", 
        "report_name": "??", 
        "source": "??", 
        "authors": [
            "??"
        ], 
        "file_metadata": {
            "filetype": "PDF document, version 1.5", 
            "sha1": "a0c391fec9b1faa80a0c713bd6aa37a7129adda7", 
            "filesize": 1288670, 
            "filename": "Thamar-Reservoir.pdf"
        }
    }, 
    "cves": []
}