{
    "malware": {
        "hashes": {
            "sha1s": [], 
            "sha256": [], 
            "ssdeep": [], 
            "md5s": [
                "d7341d147c8d63137ed7a0b365ccc56e", 
                "fac66827a8cf3197358c1eaf1d6aa2bf", 
                "b23c2925ee2d48517d17d4886e21c630", 
                "4e2405d93e541f9bae34564c80f7432e", 
                "aba4d663404a807581af7f20105f36d5", 
                "518a765d999191b9ed7c4730714def31", 
                "2b94213b0ba7200742a08992b69a127a", 
                "2986d9af413cd09d9ffdb40040e5c180", 
                "07f0e2104773deec4ec351af40441b84", 
                "238b48338c14c8ea87ff7ccab4544252", 
                "560f7807da12409779a2dc71e06bcebe", 
                "686779709226c6727bd9ebc4b1ff21b1", 
                "a313d1092c5245da1c20ac05915a3d11", 
                "e763e2a3b0b1ed43447afe281e134e95", 
                "74d8b882efae9fea1787f1558589fecb", 
                "a668c1dbdcdf2d561bea512361b101b9", 
                "96d56c4a5426466f2a0dc3813386818d", 
                "aefea9d795624da16d878dc9bb81bf87", 
                "2bce2ccd484a063e5e432a6f651782d9", 
                "fa6fbd1dd2d58885772bd0b37633d5d7", 
                "a4a390f90be49b2bb51194d0844fed7f", 
                "d048a6a8377a865f07cbc2429ffaa3e7", 
                "7ac102b740b299824e34394f334b5508", 
                "b312d48899c00e8bbaaff72503a07de8", 
                "3340360a84d5e186221cd129159788a7", 
                "f75cebd9a5d2f367117109845561e2d4", 
                "3f879b77a5bd4cf5cf20ac6072fdbf5d", 
                "f78fcd4eaf3d9cd95116b6e6212ad327", 
                "33d56702729fd2bc5eb0f467663b03b4", 
                "b71dc1257d200783f549822c502173fc", 
                "b2d6091ff886b0745fbddf9d61b42064", 
                "cc0d753dce58c74011bbb1c116d10e1b", 
                "9469ff12c582cf7943582dd28a1920cc", 
                "a1b7f8f3cf6dee880028bd6db8111a1d", 
                "7ed79032a1ad8535242428e69507ca0a", 
                "7075c9a874ab5b0c27942714394f3885", 
                "6B74ACF4246F9C85ED6D020330FBEC39", 
                "d5d0be0b0a9ee793eac9af45f9b14a2e", 
                "59482460da44c3d7192970e705688162", 
                "73c46bacc471db08a6c0e31caef3f9e8", 
                "5bb619dcb0c9684e0bbdf6d85769dbdd", 
                "72ef4096acd0b9274d5d6f2d981eb724", 
                "17bfc2f4efc1031b33835ca3ec0a71fa", 
                "667b5004fa197beb0129e1ddbc416864", 
                "5aca63d39b56206e0c8c9a084d0446a3", 
                "c07ac2120b4312b33089c0cc97405876", 
                "363d7b99fee999a4c39a2a1052fa7919", 
                "D146C3A288AD021B25D7241431F7494C", 
                "22e90e502bd4c8c19480e987cc46a9a8", 
                "79ac7484d4ad1608cc939ed0ae6e02e8", 
                "91510aa0bbf961a34f0326fbaf2bcbb1", 
                "dff746868a1559de9d25037e73c06c52", 
                "b1060166e3e1ba567634fbc96bd0c27d", 
                "6ff73820c23551225de0ca08c2fc4397", 
                "76f74b24480bc1a42998c9440ddc2fad", 
                "8bbad466f2257e05f66ece621ccf2056", 
                "2b3baed817a79109824d3a8a94f6c317", 
                "2804dce3a379b9ab5457c095dc93df91", 
                "01f68cad955b14f4849e3796a834cd44", 
                "63c480b1cc601b02b4acb30309b007e6", 
                "5d7ba3b5780592c6e31be70a9077a8ed", 
                "cb87b5d46015f8416d9d3a50bfc0cf19", 
                "decb846191be54c441677bb1da264029", 
                "1b26203d329a6663dfcb286bc4702c77", 
                "12dee292c0ce4ec005f9b55ee53e2b4e", 
                "8b5b5c9852f48fa4430943fd8412e0fb", 
                "003082ee859edccd104ab4cb38deb131", 
                "15c5c4ca7bd169cc4a1747971afe4f02", 
                "b71c734112f6351f867ae55229901722", 
                "1e52a293838464e4cd6c1c6d94a55793", 
                "4fbf48b61d2f2f590ae35f8f65867e40", 
                "1691aca2b2209ddb76d5107da92861e7", 
                "02ffcfdcfb205cece05597fce1b307b7", 
                "4b521edf765d1369303d36cc3024c19d", 
                "00eef6a2ac57e987f4750c6eff4e93d6", 
                "23d6eef34724f2b83f4181d3df47ce69", 
                "e7cf1f540f773b35f8ad988d14d7226e", 
                "03ea5a6c095b025e111a64a32a1d1460", 
                "71af60e77a148e45dbdec4de8411e16f", 
                "c60ada815212fc9c58fb801f99c230a4", 
                "6fcc6c2e32fc8cee3fab0ac6fd6194cd", 
                "8B1EFE545D1ABE35FF095F8A1D35FAAE", 
                "b1bc9b06e3aa12fb899cd715abbeb257", 
                "2607abe604832363514eb58c33a682fc", 
                "10a2212d23f8e248b59cfbf6b809e312", 
                "418cf0044b8e0e8db6270454f617c636", 
                "4ff74ab38668b524b85fd51825efe3fc", 
                "f4926f3bacdc2fa78b47c93b9123a5bc", 
                "52e50e109861d530e44eaf0ec2704751", 
                "bbc79bca19b0ebb95cb9cc69cc656382", 
                "4a0ef41272210f41b987224ff57f6280", 
                "bac3b1fbe839af1db4692a747a389e48", 
                "0ee6b2296df8c7e5aabfee46baef2a08", 
                "a73ec37e872b49e5736cc06193105df9", 
                "f3d9689121a996f68533bd78eb6a18d9", 
                "436a7ad10b379ddc0a454e5129dc3ba6"
            ], 
            "sha512": []
        }, 
        "filenames": {
            "executables": [
                "02.exe", 
                "04.exe", 
                "H.exe", 
                "MSN.exe", 
                "Skype.exe", 
                "alg.exe", 
                "cmd.exe", 
                "msnn.dll", 
                "pluse.dll", 
                "skype.exe", 
                "unrar.exe", 
                "winRAR.exe"
            ], 
            "flash": [], 
            "documents": [
                "meetings-recordrcs.pdf"
            ], 
            "compressed": [
                "docx.rar", 
                "me.rar", 
                "mypic.rar"
            ], 
            "web": [
                "login.php"
            ]
        }
    }, 
    "attribution": [
        "?"
    ], 
    "group_name": [
        "?"
    ], 
    "indicators": {
        "domains": [
            "advtravel.info", 
            "ahmedfaiez.info", 
            "androcity.com", 
            "flushupate.com", 
            "flushupdate.com", 
            "fpupdate.info", 
            "ineltdriver.com", 
            "iwork-sys.com", 
            "linkedim.in", 
            "linksis.info", 
            "mediahitech.info", 
            "meetings-recordrcs.pdf", 
            "mixedwork.com", 
            "plmedgroup.com", 
            "pstcmedia.com"
        ], 
        "ips": {
            "ipv6addresses": [], 
            "ipv4addresses": [
                "188.40.106.84", 
                "188.40.75.132", 
                "188.40.81.136", 
                "4.2.1.1", 
                "4.2.1.2"
            ]
        }, 
        "emails": [
            "intelreports@kaspersky.com", 
            "italy.officce@gmail.com", 
            "mako22014@gmail.com", 
            "newsletar05@gmail.com", 
            "ynet48@gmail.com"
        ], 
        "urls": [
            "http://mail.mtit.pna.ps/src/login.php", 
            "http://myaccount.jawwal.ps/", 
            "http://portal.iugaza.edu.ps/"
        ]
    }, 
    "metadata": {
        "tlp": "GREEN", 
        "date_analyzed": "2016-10-04 23:39", 
        "release_date": "??", 
        "report_name": "??", 
        "source": "??", 
        "authors": [
            "??"
        ], 
        "file_metadata": {
            "filetype": "PDF document, version 1.7", 
            "sha1": "0f4d8ba248dde47b514161014a57885aed084ce2", 
            "filesize": 4755029, 
            "filename": "The-Desert-Falcons-targeted-attacks.pdf"
        }
    }, 
    "cves": []
}