{
    "malware": {
        "hashes": {
            "sha1s": [], 
            "sha256": [], 
            "ssdeep": [], 
            "md5s": [
                "2751e4b50a08eb11a84d03f8eb580a4e", 
                "e8eaec1f021a564b82b824af1dbe6c4d", 
                "14712103ddf9f6e77fa5c9a3288bd5ee", 
                "3fde1bbf3330e0bd0952077a390cef72"
            ], 
            "sha512": []
        }, 
        "filenames": {
            "executables": [
                "CTwoPENC.dll", 
                "KMART.dll", 
                "MSI.dll", 
                "MsMpEng.exe", 
                "P.dll", 
                "api-ms-win-shell-0000.dll", 
                "api-ms-win-shell-0001.dll", 
                "apiset.dll", 
                "avp.exe", 
                "cmd.exe", 
                "d3dx9_27.dll", 
                "kernel32.dll", 
                "klif.dll", 
                "lsass.exe", 
                "msi.dll", 
                "msi3_32.dll", 
                "msi4_32.dll", 
                "msiexec.exe", 
                "ntdll.dll", 
                "oci.dll", 
                "rundll32.exe", 
                "services.exe", 
                "shell-0002.dll", 
                "sqlservr.exe", 
                "svchost.exe", 
                "svcmsi_32.dll", 
                "user32.dll", 
                "wscapi.dll"
            ], 
            "flash": [], 
            "documents": [
                "bencsathPBF11duqu.pdf", 
                "next_stuxnet.pdf", 
                "the_next_stuxnet.pdf"
            ], 
            "compressed": [], 
            "web": [
                "index.php", 
                "two-targeted-attacks-two-new-zero-days.html"
            ]
        }
    }, 
    "attribution": [
        "?"
    ], 
    "group_name": [
        "?"
    ], 
    "indicators": {
        "domains": [
            "www.kaspersky.com", 
            "www.securelist.com"
        ], 
        "ips": {
            "ipv6addresses": [], 
            "ipv4addresses": [
                "1.0.0.0", 
                "1.1.2.0", 
                "1.9.2.9", 
                "2.0.0.0", 
                "8.8.8.8"
            ]
        }, 
        "emails": [
            "intelreports@kaspersky.com"
        ], 
        "urls": [
            "http://70.auschwitz.org/index.php?lang=en", 
            "http://blog.crysys.hu/2015/06/duqu-2-0/", 
            "http://www.fbi.gov/wanted/cyber/wang-dong/view", 
            "http://www.kaspersky.com/about/news/virus/2011/Duqu_The_Step_Brother_of_Stuxnet", 
            "http://www.symantec.com/content/en/us/", 
            "http://www.symantec.com/content/en/us/enterprise/media/security_response/whitepapers/w32_duqu_the_precursor_to_", 
            "https://blog.bit9.com/2013/02/08/bit9-and-our-customers-security/", 
            "https://blogs.rsa.com/anatomy-of-an-attack/", 
            "https://en.wikipedia.org/wiki/Duqu", 
            "https://securelist.", 
            "https://securelist.com/blog/incidents/31177/the-", 
            "https://securelist.com/blog/incidents/31208/the-", 
            "https://securelist.com/blog/incidents/31442/the-duqu-", 
            "https://securelist.com/blog/incidents/31445/the-", 
            "https://securelist.com/blog/incidents/31486/the-", 
            "https://securelist.com/blog/incidents/32668/the-", 
            "https://securelist.com/blog/research/32354/", 
            "https://securelist.com/blog/research/32354/the-mystery-of-duqu-framework-solved-7/", 
            "https://technet.microsoft.com/library/security/MS14-068", 
            "https://www.crysys.hu/publications/", 
            "https://www.crysys.hu/publications/files/bencsathPBF11duqu.pdf", 
            "https://www.fireeye.com/blog/threat-research/2014/10/two-targeted-attacks-two-new-zero-days.html"
        ]
    }, 
    "metadata": {
        "tlp": "GREEN", 
        "date_analyzed": "2016-10-04 23:39", 
        "release_date": "??", 
        "report_name": "??", 
        "source": "??", 
        "authors": [
            "??"
        ], 
        "file_metadata": {
            "filetype": "PDF document, version 1.7", 
            "sha1": "fe05831d3dc661e418f969045f0087ba642fb27b", 
            "filesize": 11269748, 
            "filename": "The_Mystery_of_Duqu_2_0_a_sophisticated_cyberespionage_actor_returns.pdf"
        }
    }, 
    "cves": [
        "CVE-2014-6324", 
        "CVE-2011-3402", 
        "CVE-2014-4148", 
        "CVE-2015-2360"
    ]
}