{
    "malware": {
        "hashes": {
            "sha1s": [], 
            "sha256": [], 
            "ssdeep": [], 
            "md5s": [
                "4972c7205e3279322637f609b9199e97", 
                "ceb6e4499cfd8650f3e94fbcf7de48f6", 
                "9f23c0aed27f0874308bbd5f173ed85b", 
                "d0fba5db608ac8f5a3d05a71ceb0eca1", 
                "5c04904a50f0285851fb7292c13858ec", 
                "F14C42765F130EE6DEC3A87DC50A47E1", 
                "3bed6788753690762c7d15a3247d8301", 
                "469ca0c73398903908babcad14300d8d", 
                "800116c4fe842768a0e1acbc72c8cd62", 
                "b6424852dd0187ea554a1cbc4e3490f3", 
                "a5721c5e7f2b49df82595819b5a49c0c", 
                "7a9712cbb3e340e577ce0320cceeb05f", 
                "1d6258bc3688226e7cb56fb821215a8b", 
                "48c2d02c443d70fe004a2d6fb9439f76", 
                "1b37457632840b04bf03e0745e51e573", 
                "5de5aa40eb3d30df2053a38bc26963b5", 
                "c8ed40879e1e3352692fe8c765294955", 
                "748c4761822dc7076399922df58551ae", 
                "cb72e70378755f1e8ab744a5b5e692bd", 
                "6758fc7e483ad9cd6280bcc3f4d85222", 
                "33d388c6e841ede3920f79516b5da032", 
                "b049fdeeb707e86e5e334f72cd50ffd8", 
                "21119ddd01694bb9181286b52cf1203c", 
                "113822c9bfeed38c099ae9004f1d8404", 
                "9883abc829870478ce6f3cfddbcbbaf2", 
                "448cd7c3ae0ae445d805a4849fe5e120", 
                "7b1199523a662a3844ba590f83b56dae", 
                "27ed7c7dd840ff7936418cf029d56603", 
                "6f9b6adbb33b7c8912aa2e5ae1c39f7a", 
                "03A3251BDE74DF30AB5BF0B730E08C8D", 
                "7F422B43EEB93B230FF7553C841C4785", 
                "b295274423c91ad9e254475bf8edd459", 
                "d57a7369d79467d7c768bb08febcc6a2", 
                "45a99f60654f22b671aec980687d0f15", 
                "40138f3db14e6e137f8d0bdcbb5851d8", 
                "4299846c34fddda2f5a75239f8aca424", 
                "79de618615e139053ad92ca1e7bb7456", 
                "6cbc73fae7118dbd0fae328ce8ee6050", 
                "6803bd509d36d2b99049fcc9d975a21c", 
                "55b8b8779001b7e78a6adc55fb546401", 
                "416e6c9105139080310984ed06f6a57b", 
                "55048b78e9549c462c1463f7648454a5", 
                "bf6d3f52ab8176122be858ddccc22148", 
                "041436594c1ce9e99c569fb7402fe0c7", 
                "7c0676d950a1443e98b7d5b4727923ea", 
                "ab0185f3dc730af754559297f6f47492", 
                "d86106faaa398b8d83437176bf5e39c4", 
                "48fb78e8ba531505e246760c0d02d6b0", 
                "6a82c153bd370250cc2fed89f1bb5c91", 
                "90E9BDFC1FC6FE5999B047880C7445AE", 
                "c58df5892700ac3f467524f86bf325c0", 
                "dabba458b13cb676406c2bb219af9f81", 
                "5f1f6fb3cea3e9c3bd84909b7d37aa8d", 
                "516f64dd4fce3b9a325ea8501f97a88a", 
                "c8c81cca4645e71213f2310cec6c277d", 
                "95c4a236faa65b75dbb0076d8248584c", 
                "a3b3a32b6f67e4629133cc4578230efe", 
                "638c119a82a1b1d470e42e2e9712f3fb", 
                "c334737ea5e8f74567bfdc2fce6717b9", 
                "8660193a90e70f19a4419ae09306761f"
            ], 
            "sha512": []
        }, 
        "filenames": {
            "executables": [
                "ReadPSW.exe", 
                "SslMM.exe", 
                "conime.exe", 
                "cutfile.exe", 
                "ftp.exe", 
                "hd.exe", 
                "iExplorer.exe", 
                "msictl.exe", 
                "mysql.exe", 
                "nc.exe", 
                "procex.exe", 
                "procexep.exe", 
                "procmon.exe", 
                "rar.exe", 
                "services.exe", 
                "sqlcmd.exe", 
                "svchost.exe", 
                "systeminfo.exe", 
                "tcpview.exe", 
                "tftp.exe", 
                "upd.exe", 
                "update.exe", 
                "winscan.exe", 
                "winscanx.exe", 
                "wmiprive.exe", 
                "wuauc1t.exe", 
                "xsAdv.dll", 
                "xscan.exe", 
                "ymsgr_tray.exe"
            ], 
            "flash": [], 
            "documents": [
                "13-1_1.doc", 
                "2013.doc", 
                "29nov12.doc", 
                "30-8.doc", 
                "Arakan.doc", 
                "Attendance.doc", 
                "Developments.doc", 
                "Free.doc", 
                "Gap.doc", 
                "Meeting.doc", 
                "Menu.doc", 
                "SpecialServices.doc", 
                "Summary.doc", 
                "TPHCM.doc", 
                "UNFC_Statement_final_rcs.pdf", 
                "admin.docx", 
                "adobe.pdf", 
                "bagan.doc", 
                "ban.doc", 
                "burma.doc", 
                "dinh.doc", 
                "finalfinalhandbookJan13.pdf", 
                "hbs.txt", 
                "language_rcs.pdf", 
                "lists.doc", 
                "memo.doc", 
                "mine.doc", 
                "office.doc", 
                "readme.rtf", 
                "remarks.doc", 
                "tour.doc"
            ], 
            "compressed": [
                "1.rar", 
                "hscan120.rar", 
                "stonehoof.rar", 
                "transcript.zip"
            ], 
            "web": []
        }
    }, 
    "attribution": [
        "?"
    ], 
    "group_name": [
        "?"
    ], 
    "indicators": {
        "domains": [
            "ahzx.eicp.net", 
            "backdoor.win32.agent.bjer", 
            "backdoor.win32.agent.dcyv", 
            "backdoor.win32.agent.dfbk", 
            "backdoor.win32.agent.dgpd", 
            "backdoor.win32.zegost.aekr", 
            "bkav.imshop.in", 
            "exploit.msword.cve-2012-0158.cb", 
            "exploit.msword.cve-2012-0158.ci", 
            "exploit.msword.cve-2012-0158.di", 
            "exploit.msword.cve-2012-0158.dj", 
            "exploit.msword.cve-2012-0158.du", 
            "exploit.msword.cve-2012-0158.eb", 
            "exploit.win32.cve-2012-0158.aw", 
            "googlemm.vicp.net", 
            "hacktool.win32.agent.whj", 
            "mncgn.51vip.biz", 
            "myanmartech.vicp.net", 
            "thailand.vicp.net", 
            "trojan-downloader.win32.agent.gxqe", 
            "trojan-downloader.win32.agent.zzrd", 
            "trojan-downloader.win32.cordmix.ch", 
            "trojan-downloader.win32.cordmix.cs", 
            "trojan-downloader.win32.cordmix.ds", 
            "trojan-dropper.msil.agent.aidh", 
            "trojan-dropper.msword.agent.hc", 
            "trojan-dropper.win32.dycler.ssr", 
            "trojan-dropper.win32.dycler.sss", 
            "trojan-dropper.win32.injector.jujl", 
            "trojan-dropper.win32.injector.kblf", 
            "trojan-dropper.win32.injector.kbre", 
            "trojan-spy.win32.agent.chrj", 
            "trojan-spy.win32.agent.chuq", 
            "trojan-spy.win32.agent.cibn", 
            "trojan-spy.win32.agent.ciet", 
            "trojan-spy.win32.agent.cifj", 
            "trojan-spy.win32.agent.ciiu", 
            "trojan-spy.win32.agent.ciry", 
            "trojan-spy.win32.agent.cita", 
            "trojan-spy.win32.agent.cjez", 
            "trojan-spy.win32.agent.cjkg", 
            "trojan-spy.win32.agent.cjmv", 
            "trojan.win32.agent.acflt", 
            "trojan.win32.agent.acfma", 
            "trojan.win32.agent.adddt", 
            "trojan.win32.agent.hofz", 
            "trojan.win32.agent.siai", 
            "trojan.win32.agent.spde", 
            "trojan.win32.agent.tpbo", 
            "trojan.win32.agent.unhn", 
            "trojan.win32.agent.xikp", 
            "trojan.win32.agentb.bbca", 
            "trojan.win32.agentb.bphx", 
            "trojan.win32.agentb.iqj", 
            "trojan.win32.agentb.jwp", 
            "trojan.win32.pincav.cngx", 
            "trojan.win32.sasfis.dmmt", 
            "trojan.win32.zapchast.aerr", 
            "trojan.win32.zapchast.aest", 
            "trojan.win32.zapchast.aetr", 
            "trojan.win32.zapchast.aety", 
            "trojan.win32.zapchast.aevb", 
            "trojan.win32.zapchast.aevg", 
            "trojan.win32.zapchast.afcz", 
            "trojan.win32.zapchast.afma", 
            "ubaoyouxiang.gicp.net", 
            "vietnam.gnway.net", 
            "wmiprive.exe"
        ], 
        "ips": {
            "ipv6addresses": [], 
            "ipv4addresses": [
                "10.1.1.13", 
                "10.1.1.2", 
                "10.1.1.4", 
                "10.1.1.6", 
                "10.1.1.8", 
                "174.36.159.164", 
                "174.36.159.165", 
                "192.168.0.254", 
                "208.77.46.251", 
                "219.90.115.251"
            ]
        }, 
        "emails": [
            "intelreports@kaspersky.com"
        ], 
        "urls": [
            "http://10.1.1.21/cgi-bin/webproc", 
            "http://thronic.com/Win32%20Keylogging/", 
            "http://www.apcss.org/)", 
            "http://www.apcss.org/wp-content/uploads/2013/01/finalfinalhandbookJan13.pdf,", 
            "http://www.aspistrategist."
        ]
    }, 
    "metadata": {
        "tlp": "GREEN", 
        "date_analyzed": "2016-10-04 23:39", 
        "release_date": "??", 
        "report_name": "??", 
        "source": "??", 
        "authors": [
            "??"
        ], 
        "file_metadata": {
            "filetype": "PDF document, version 1.6", 
            "sha1": "b91ed59b5aea02b712f1ea974fb4cf171ea8ba44", 
            "filesize": 3741869, 
            "filename": "TheNaikonAPT-MsnMM2.pdf"
        }
    }, 
    "cves": [
        "cve-2012-0158", 
        "CVE-2010-3333", 
        "CVE-2012-1856", 
        "CVE-2012-0158"
    ]
}