{
    "malware": {
        "hashes": {
            "sha1s": [], 
            "sha256": [], 
            "ssdeep": [], 
            "md5s": [
                "d102693540b53f9a564e3a550f938709"
            ], 
            "sha512": []
        }, 
        "filenames": {
            "executables": [
                "WINWORD32.exe"
            ], 
            "flash": [], 
            "documents": [
                "esentire_alert_20131108_DOCM.pdf", 
                "rpt-fin4.pdf"
            ], 
            "compressed": [], 
            "web": [
                "writeup.js"
            ]
        }
    }, 
    "attribution": [
        "?"
    ], 
    "group_name": [
        "?"
    ], 
    "indicators": {
        "domains": [], 
        "ips": {
            "ipv6addresses": [], 
            "ipv4addresses": []
        }, 
        "emails": [], 
        "urls": [
            "http://www.advantarlabs[.]com/plugins/extension-", 
            "http://www.reuters.com/article/2015/06/23/us-hackers-insidertrading-idUSKBN0P31M720150623", 
            "http://www.symantec.com/security_response/writeup.jsp?docid=2014-052813-3721-99&tabid=2", 
            "https://www.esentire.com/wp-content/uploads/2013/11/esentire_alert_20131108_DOCM.pdf", 
            "https://www2.fireeye.com/rs/fireye/images/rpt-fin4.pdf"
        ]
    }, 
    "metadata": {
        "tlp": "GREEN", 
        "date_analyzed": "2016-10-04 23:39", 
        "release_date": "??", 
        "report_name": "??", 
        "source": "??", 
        "authors": [
            "??"
        ], 
        "file_metadata": {
            "filetype": "PDF document, version 1.3", 
            "sha1": "5414153144f453be553af09c69bb1300c7678f79", 
            "filesize": 680238, 
            "filename": "UnFIN4ished_Business_pwd.pdf"
        }
    }, 
    "cves": []
}