{
    "malware": {
        "hashes": {
            "sha1s": [], 
            "sha256": [], 
            "ssdeep": [], 
            "md5s": [
                "eb7042ad32f41c0e577b5b504c7558ea", 
                "9f98eb473d3723f09d6a94cb326d4984", 
                "1d4b0fc476b7d20f1ef590bcaa78dc5d", 
                "96b1221ba725f1aaeaaa63f63cf04092", 
                "5ca3ac2949022e5c77335f7e228db1d8", 
                "9a5a99def615966ea05e3067057d6b37", 
                "ea53e618432ca0c823fafc06dc60b726", 
                "2b9106e8df3aa98c3654a4e0733d83e7", 
                "c9a4317f1002fefcc7a250c3d76d4b01", 
                "08c988d6cebdd55f3b123f2d9d5507a6", 
                "826b772c81f41505f96fc18e666b1acd", 
                "22872f40f5aad3354bbf641fe90f2fd6", 
                "44b5a3af895f31e22f6bc4eb66bd3eb7", 
                "edaca6fb1896a120237b2ce13f6bc3e6", 
                "6f11a67803e1299a22c77c8e24072b82", 
                "66e2adf710261e925db588b5fac98ad8", 
                "e6f874b7629b11a2f5ed3cc2c123f8b6", 
                "7dbc46559efafe8ec8446b836129598c", 
                "034e4c62965f8d5dd5d5a2ce34a53ba9", 
                "3f35c97e9e87472030b84ae1bc932ffc", 
                "c7ac6193245b76cc8cebc2835ee13532", 
                "306d243745ba53d09353b3b722d471b8", 
                "d2074d6273f41c34e8ba370aa9af46ad", 
                "4f8b989bc424a39649805b5b93318295", 
                "c19e91a91a2fa55e869c42a70da9a506", 
                "5b505d0286378efcca4df38ed4a26c90", 
                "f58f03121eed899290ed70f4d19af307", 
                "dab2cbb34ec587587bdf0418f7fb06b1", 
                "981234d969a4c5e6edea50df009efedd", 
                "d028eacd721e0b2d6e9ce19d2575d51b", 
                "29eca6286a01c0b684f7d5f0bfe0c0e6", 
                "2783cee3aac144175fef308fc768ea63", 
                "44db62acf787be73dcf8968d360f32b8", 
                "184320a057e455555e3be22e67663722", 
                "ab3d0c748ced69557f78b7071879e50a", 
                "1dcac3178a1b85d5179ce75eace04d10", 
                "740c47c663f5205365ae9fb08adfb127", 
                "c898aed0ab4173cc3ac7d4849d06e7fa", 
                "7cd87c4976f1b34a0b060a23faddbd19", 
                "7031426fb851e93965a72902842b7c2c", 
                "61b11b9e6baae4f764722a808119ed0c", 
                "5d437eb2a22ec8f37139788f2087d45d"
            ], 
            "sha512": []
        }, 
        "filenames": {
            "executables": [
                "Autorun.exe", 
                "aqagent.exe", 
                "autorun.exe", 
                "cvsc.exe", 
                "dllhost.exe", 
                "dllvhost.exe", 
                "dwcm.exe", 
                "embedded.exe", 
                "ieservice.exe", 
                "logsys.exe", 
                "nsp.exe", 
                "qsagent.exe", 
                "rundll32.exe", 
                "sccsc.exe", 
                "serverhelp.dll", 
                "svchost.exe", 
                "svsc.exe", 
                "svskey.exe", 
                "syslog.exe", 
                "syswin.exe", 
                "tools.dll", 
                "updater.exe", 
                "vmacthlpsrv.exe", 
                "vmtools.exe", 
                "vmtoolsd.exe", 
                "vsmss.exe", 
                "vsystem.dll", 
                "w3wp.exe", 
                "whelp.exe", 
                "whttpd.exe", 
                "winet.exe", 
                "winhelp.exe", 
                "winhlp.exe", 
                "winhttpd.exe", 
                "wininet.exe", 
                "winlog.exe", 
                "winscr.exe", 
                "winscrv.exe", 
                "winsec.dll", 
                "winserv.exe", 
                "wisrv.exe", 
                "wnhelp.dll", 
                "wnhelp.exe", 
                "wnsys.exe", 
                "wshelp.exe", 
                "wvsys.exe"
            ], 
            "flash": [], 
            "documents": [], 
            "compressed": [], 
            "web": [
                "ie.php", 
                "index.php"
            ]
        }
    }, 
    "attribution": [
        "?"
    ], 
    "group_name": [
        "?"
    ], 
    "indicators": {
        "domains": [
            "404.asp", 
            "404.aspx", 
            "aqagent.exe", 
            "carima2012.site90.com", 
            "caterpillar.aspx", 
            "cvsc.exe", 
            "dllhost.exe", 
            "dllvhost.exe", 
            "dotnetexplorer.info", 
            "dotntexplorere.info", 
            "dwcm.exe", 
            "embedded.exe", 
            "erdotntexplore.info", 
            "explorerdotnt.info", 
            "heblib140201.aspx", 
            "ieservice.exe", 
            "logsys.exe", 
            "nsp.exe", 
            "qsagent.exe", 
            "rundll32.exe", 
            "saveweb.wink.ws", 
            "sccsc.exe", 
            "serverhelp.dll", 
            "svchost.exe", 
            "svsc.exe", 
            "svskey.exe", 
            "syslog.exe", 
            "syswin.exe", 
            "tools.dll", 
            "trojan.win32.explosive", 
            "updater.exe", 
            "vmacthlpsrv.exe", 
            "vmtools.exe", 
            "vmtoolsd.exe", 
            "vsmss.exe", 
            "vsystem.dll", 
            "w3wp.exe", 
            "whelp.exe", 
            "whttpd.exe", 
            "winet.exe", 
            "winhelp.exe", 
            "winhlp.exe", 
            "winhttpd.exe", 
            "wininet.exe", 
            "winlog.exe", 
            "winscr.exe", 
            "winscrv.exe", 
            "winsec.dll", 
            "winserv.exe", 
            "wisrv.exe", 
            "wnhelp.dll", 
            "wnhelp.exe", 
            "wnsys.exe", 
            "wshelp.exe", 
            "wvsys.exe", 
            "xploreredotnet.info"
        ], 
        "ips": {
            "ipv6addresses": [], 
            "ipv4addresses": [
                "184.107.97.188", 
                "212.179.180.123", 
                "213.204.122.130", 
                "213.204.122.133", 
                "50.60.129.74", 
                "50.60.129.78", 
                "69.64.90.94", 
                "69.94.157.80", 
                "85.25.20.27"
            ]
        }, 
        "emails": [
            "48@46", 
            "49@50", 
            "49@55", 
            "49@56", 
            "50@46", 
            "50@49", 
            "57@46", 
            "Q@W", 
            "_PathProcess@4", 
            "volatilecedar@checkpoint.com"
        ], 
        "urls": [
            "http://exloreredotnt.info/micro/data/index.php?micro=4"
        ]
    }, 
    "metadata": {
        "tlp": "GREEN", 
        "date_analyzed": "2016-10-04 23:41", 
        "release_date": "??", 
        "report_name": "??", 
        "source": "??", 
        "authors": [
            "??"
        ], 
        "file_metadata": {
            "filetype": "PDF document, version 1.4", 
            "sha1": "7cd5b12fa38705e254296133991410754f1678ab", 
            "filesize": 1874864, 
            "filename": "volatile-cedar-technical-report.pdf"
        }
    }, 
    "cves": []
}