{
    "malware": {
        "hashes": {
            "sha1s": [], 
            "sha256": [], 
            "ssdeep": [], 
            "md5s": [
                "ee24a7ad8d137e54b854095188de0bbf", 
                "088472f712d1491783bbad87bcc17c48", 
                "1582d68144de2808b518934f0a02bfd6", 
                "95ffe4ab4b158602917dd2a999a8caf8", 
                "dee8297785b70f490cc00c0763e31b69", 
                "48319e9166cda8f605f9dce36f115bc8", 
                "f0fff29391e7c2e7b13eb4a806276a84", 
                "342887a7ec6b9f709adcb81fef0d30a3", 
                "dbb0ea0436f70f2a178a60c4d8b791b3", 
                "14ba21a3a0081ef60e676fd4945a8bdc", 
                "1f5f5db7b15fe672e8db091d9a291df0", 
                "0fa3657af06a8cc8ef14c445acd92c0f"
            ], 
            "sha512": []
        }, 
        "filenames": {
            "executables": [
                "FlashUtil.exe", 
                "IgfxUpt.exe", 
                "LiveUpdater.exe", 
                "LnrAuth.dll", 
                "LnrAuthSvc.dll", 
                "LnrUpdt.exe", 
                "LnrUpdtP.exe", 
                "RtlUpd.exe", 
                "WinRAT-Win32-Release.exe", 
                "dpcore16t.dll", 
                "iastor32.exe", 
                "igfxupt.exe", 
                "javacpl.exe", 
                "mshtaex.exe", 
                "mspool.dll", 
                "mspool.exe", 
                "msvcse.exe", 
                "sqlite3.dll", 
                "update.exe", 
                "wdigestEx.dll", 
                "winsession.dll"
            ], 
            "flash": [
                "bniqligx.swf"
            ], 
            "documents": [
                "debug.txt", 
                "secure.pdf"
            ], 
            "compressed": [], 
            "web": [
                "autoload.js", 
                "banner.html", 
                "stats.js"
            ]
        }
    }, 
    "attribution": [
        "?"
    ], 
    "group_name": [
        "?"
    ], 
    "indicators": {
        "domains": [
            "adb.strangled.net", 
            "ads.digitalinsight-ltd.com", 
            "ansar1.info", 
            "app.cloudprotect.eu", 
            "cache.cloudbox-storage.com", 
            "cloudbox-storage.com", 
            "clust12-akmai.net", 
            "community.flexispy.com", 
            "corp-aapl.com", 
            "cryptomag.mediasource.ch", 
            "digitalinsight-ltd.com", 
            "emiratesmac.com", 
            "expatforum.com", 
            "fb.clust12-akmai.net", 
            "fbcbn.net", 
            "find.a-job.today", 
            "flashutil.exe", 
            "forum.samdroid.net", 
            "forums.kyngdvb.com", 
            "fw.ddosprotected.eu", 
            "igfxupt.exe", 
            "img.digitalinsight-ltd.com", 
            "jdk-update.com", 
            "liveanalytics.org", 
            "logs.cloudprotect.eu", 
            "min.liveanalytics.org", 
            "mygsmindia.com", 
            "pop.digitalinsight-ltd.com", 
            "rtlupd.exe", 
            "ssl.cloudprotect.eu", 
            "ssl.updatesoft.eu", 
            "updatesoft.eu", 
            "ww1.jdk-update.com"
        ], 
        "ips": {
            "ipv6addresses": [], 
            "ipv4addresses": [
                "185.10.58.181", 
                "217.23.6.13", 
                "46.183.217.132", 
                "62.113.238.104", 
                "64.187.225.231", 
                "66.55.133.89"
            ]
        }, 
        "emails": [
            "intelreports@kaspersky.com"
        ], 
        "urls": [
            "https://app.cloudprotect[.]eu:443"
        ]
    }, 
    "metadata": {
        "tlp": "GREEN", 
        "date_analyzed": "2016-10-04 23:39", 
        "release_date": "??", 
        "report_name": "??", 
        "source": "??", 
        "authors": [
            "??"
        ], 
        "file_metadata": {
            "filetype": "PDF document, version 1.3", 
            "sha1": "a73fcc0ce6923f3a6ce537ec8214cb7b539fe343", 
            "filesize": 765077, 
            "filename": "WildNeutron_Economic_espionage.pdf"
        }
    }, 
    "cves": [
        "CVE-2012-3213"
    ]
}