{
    "malware": {
        "hashes": {
            "sha1s": [], 
            "sha256": [], 
            "ssdeep": [], 
            "md5s": [
                "ac9b247691b1036a1cdb4aaf37bea97f", 
                "5979cf5018c03be2524b87b7dda64a1a", 
                "8e61219b18d36748ce956099277cc29b"
            ], 
            "sha512": []
        }, 
        "filenames": {
            "executables": [
                "ServiceAdobe.dll", 
                "w64.dll"
            ], 
            "flash": [], 
            "documents": [], 
            "compressed": [], 
            "web": []
        }
    }, 
    "attribution": [
        "?"
    ], 
    "group_name": [
        "?"
    ], 
    "indicators": {
        "domains": [
            "ksadobe.dat", 
            "serviceadobe.dll"
        ], 
        "ips": {
            "ipv6addresses": [], 
            "ipv4addresses": []
        }, 
        "emails": [], 
        "urls": []
    }, 
    "metadata": {
        "tlp": "GREEN", 
        "date_analyzed": "2016-10-04 23:41", 
        "release_date": "??", 
        "report_name": "??", 
        "source": "??", 
        "authors": [
            "??"
        ], 
        "file_metadata": {
            "filetype": "PDF document, version 1.3", 
            "sha1": "8b870691f84547afc34c08c494f92a21f6d1dc3e", 
            "filesize": 72664, 
            "filename": "winnti_pharmaceutical.pdf"
        }
    }, 
    "cves": []
}