{
    "malware": {
        "hashes": {
            "sha1s": [
                "a5ce827db51b204af7fef1a5b12b10a2566430bc", 
                "49f4db863e4ac5b2c55e1bc7540ee865f5126dba", 
                "70b0dafe10f2399bb3ae767be376b6f5cd68db19", 
                "a31d398abf230f18bee6487732ad477e98a4f784", 
                "4236be3aa2abc45e49a27d9bf87b6e5003d805c5", 
                "bb8fddcd993a3ca94c6dd583f36df76bb5227ca5", 
                "ba71031ec0dccf09fbc48af61a22e5faa6b055a4", 
                "b1fdb46cbe73cc14f784bebac47e33606b259967", 
                "159a91f9c9a83493c03f83c22f478019b7f6e8ca", 
                "3631faf525863d8bd24e571e04b41bdced047734", 
                "0f7f277c57a7656e116894bb3460a15669bffaa3", 
                "aa7e591951c085e0ab50748e6e0d96be99ad3f1a", 
                "25c2540125a4f6db5bd9e71b9130ba19aed4af2c", 
                "5c5a4ceea45c3f0e67085b9d323da13eedcf6e1b", 
                "a149a79149ab080004adee3051bf0fd874177e97", 
                "47747dccd1fc57a6456cf2a06d654966193545e5", 
                "7835e3ca339626f87738644092bdf91a8a15eaac", 
                "2665e536de618760cfe4b57c8f679d95fbb3da0b", 
                "8136ce73e502882fa187f7b53b549376bfb52ba2", 
                "2bd3f8356d4a3415e07311ffdc2d4834c0141029", 
                "a7713afd111b40da066449cc4450338316e51462", 
                "6099001d54d39bcdd7c874672e8b28789e79721f", 
                "17ee08b92aeefb8d3d73a02beb03e634b453b5fe", 
                "7676bd47deaf69a8a3a17a3f9e261b7aca1dac24", 
                "dd011e35df5b529f4a92d480428c63faa8a6da3f", 
                "77eaac29dc3f46fdd4782b3a633a9c4b35fbdf20", 
                "312cc84043490b7a3b54fecff977cab75785f0c0", 
                "52084036ed353e24423e0bd1f10ea741096e8fbd", 
                "5adcea95439abf2c2c335af187dbeb92cb5587c0", 
                "b767e1325bf103e672183e9487093ac068b75bc8", 
                "0360098a17c5c68004350f3eb34ab6c2b5b7b6f6", 
                "afe298099de7af1c43c97dce3e649f0c83164707", 
                "84842226e9b626b2b4fca325fb1d13058aabf1be", 
                "43f565273e9b2bcfa9640c41ebb591f5dccca23e", 
                "542ca28d4154e4e4382f9dfe4e0c37983046e93d", 
                "7d5fd316f12ff39e5a9b43dabd66eccdcdb164e7", 
                "973e522edeb08bea948098ce7c8b83866857de9c", 
                "ac1bfb13e8d79a2cbd33cf3e4ef94a6f0c32abfc", 
                "c4ae20ef0a90f095a88a9ea9920e97733a4d5626", 
                "3ff3519749764f64f5f208347f39bd77f7e2fa92", 
                "3a8bed630679a30c8f945a7f9fe9eef18dd18ef8", 
                "305dcb0e9257875d0699567d7d10e69e6014eed1", 
                "4eedf918aeb1a2bedc6278e89ebf3005d0b95d41", 
                "e771cff898649a5a00b4421db186859b1b04cac9", 
                "542ca28d4154e4e4382f9dfe4e0C37983046e93d", 
                "7b48460b5f6f8bc68fedb78a07f7884f57c66b57", 
                "56680180af5a792dca8e6112c57810b5e06bca1b", 
                "a7b4381b1f9161992b358eda9bd58a6b219a13d3", 
                "593ab027f90d8651e685581b8f09d87a2c95f244", 
                "aef101fb24bd39e3cc14c26796c0336f2cb1d540", 
                "2f853796b9598a85ce90c499f4e4e194b1348e0c", 
                "d50c657ff3068bd03ef74cfa5a289bbda87f33ef", 
                "f8ac7ccf99485f485a435e05420bf3c103a3a549"
            ], 
            "sha256": [], 
            "ssdeep": [], 
            "md5s": [], 
            "sha512": []
        }, 
        "filenames": {
            "executables": [
                "360rp.exe", 
                "360tray.exe", 
                "ALMon.exe", 
                "ALsvc.exe", 
                "Avastsvc.exe", 
                "CyberoamClient.exe", 
                "SAVAdminService.exe", 
                "SavService.exe", 
                "ashserv.exe", 
                "avgam.exe", 
                "avguard.exe", 
                "avp.exe", 
                "avpmapp.exe", 
                "consctl.exe", 
                "credentials.exe", 
                "econceal.exe", 
                "econser.exe", 
                "ekrn.exe", 
                "escanmon.exe", 
                "mcshield.exe", 
                "mfc41.dll", 
                "nod32krn.exe", 
                "pccntmon.exe", 
                "rpcrt32.dll", 
                "rtvscan.exe", 
                "sfctlcom.exe", 
                "svchost.exe", 
                "swi_service.exe", 
                "uiwatchdog.exe", 
                "wshif.dll", 
                "wship.dll"
            ], 
            "flash": [], 
            "documents": [
                "13.doc", 
                "City.doc", 
                "Clean.doc", 
                "PF15.doc", 
                "budget.doc", 
                "resume.doc", 
                "rpt-cashing-in-on-digital-information.pdf", 
                "table.doc"
            ], 
            "compressed": [], 
            "web": [
                "white_paper_c11_603839.html"
            ]
        }
    }, 
    "attribution": [
        "?"
    ], 
    "group_name": [
        "?"
    ], 
    "indicators": {
        "domains": [
            "3.jpg", 
            "32.jpg", 
            "bd2015.24.jpg", 
            "city.doc", 
            "consctl.exe", 
            "credentials.exe", 
            "sfctlcom.exe", 
            "smartnavport0205.32.gif", 
            "smartxy130619.gif", 
            "ualband.24.jpg", 
            "wshif.dll", 
            "wship.dll"
        ], 
        "ips": {
            "ipv6addresses": [], 
            "ipv4addresses": [
                "113.10.183.104", 
                "113.10.221.89", 
                "173.252.220.169", 
                "198.211.3.83", 
                "202.153.193.73", 
                "208.187.167.126", 
                "50.117.38.164", 
                "61.218.145.179", 
                "61.221.169.31", 
                "61.222.31.83", 
                "69.221.169.31"
            ]
        }, 
        "emails": [], 
        "urls": [
            "http://about-threats.", 
            "http://blog.trendmicro.com/", 
            "http://blog.trendmicro.com/trendlabs-", 
            "http://blog.trendmicro.com/trendlabs-security-", 
            "http://blog.trendmicro.com/trendlabs-security-intelligence/", 
            "http://en.wikipedia.org/wiki/Alipin.", 
            "http://www.cisco.com/c/en/us/products/collateral/switches/", 
            "http://www.investopedia.com/terms/h/", 
            "http://www.sans.org/reading-room/whitepapers/testing/pass-the-", 
            "http://www.trendmicro.com/vinfo/us/"
        ]
    }, 
    "metadata": {
        "tlp": "GREEN", 
        "date_analyzed": "2016-10-04 23:41", 
        "release_date": "??", 
        "report_name": "??", 
        "source": "??", 
        "authors": [
            "??"
        ], 
        "file_metadata": {
            "filetype": "PDF document, version 1.4", 
            "sha1": "93b3ec0cec9636d7815424be3030ae54c2eb79b5", 
            "filesize": 1754682, 
            "filename": "wp-operation-tropic-trooper.pdf"
        }
    }, 
    "cves": [
        "CVE-2012-0158", 
        "CVE-2010-3333"
    ]
}