{
    "malware": {
        "hashes": {
            "sha1s": [
                "4711f063a0c67fb11c05efdb40424377799efafd", 
                "fa5b587ceb5d17f26fe580aca6c02ff2e20ad3c4", 
                "5d334e0cb4ff58859e91f9e7f1c451ffdc7544c3", 
                "ce03790d1df81165d092e89a077c495b75a14013", 
                "2c3edde41e9386bafef248b71974659543a3d774", 
                "e6964d467bd99e20bfef556d4ad663934407fd7b", 
                "25d3688763e33eac1428622411d6dda1ec13dd43", 
                "fd8793ce4ca23988562794b098b9ed20754f8a90", 
                "e2728cabb35c210599e248d0da9791991e38eb41", 
                "6571f2b9a0aea89f45899b256458da78ac51e6bb", 
                "6e30d3ef2cd0856ff28adce4cc012853840f6440", 
                "58045d7a565f174df8efc0de98d6882675fbb07f", 
                "0482fc2e332918456b9c97d8a9590781095b2b53", 
                "788d881f3bb2c82e685a98d8f405f375c0ac2162", 
                "0b0cdf47363fd27bccbfba6d47b842e44a365723", 
                "cabdfe7e9920aeaa5eaca7f5415d97f564cdec11", 
                "a42f1ad2360833baedd2d5f59354c4fc3820c475", 
                "9579e65e3ae6f03ff7d362be05f9beca07a8b1b3", 
                "c1edf6e3a271cf06030cc46cbd90074488c05564", 
                "47b1c9caabe3ae681934a33cd6f3a1b311fd7f9f", 
                "c727b8c43943986a888a0428ae7161ff001bf603", 
                "2627cdc3324375e6f41f93597a352573e45c0f1e", 
                "86222ef166474e53f1eb6d7e6701713834e6fee7", 
                "c6db3e7e723f20ed3bcf4c53fc4748e9591f4c40", 
                "1a999a131144afe8cb7316ebb842da4f38101ac5", 
                "ae18bb317909e16f765ba2e88c3d72d648db2798", 
                "d5b2b30fe2d4759c199e3659d561a50f88a7fb2e", 
                "07a77f8b9f0fcc93504dfba2d7d9d26246e5878f", 
                "f51de6c25ff8e1d9783ed5ac13a53d1c0ea3ef33", 
                "ad6c9b003285e01fc6a02148917e95c780c7d751", 
                "37ad0e426f4c423385f1609561422a947a956398", 
                "22f6a61aa2d490b6a3bc36e93240d05b1e9b956a", 
                "ed5615ffb5578f1adee66f571ec65a992c033a50", 
                "efd1c6a926095d36108177045db9ad21df926a6e", 
                "ffead364ae7a692afec91740d24649396e0fa981", 
                "ec692cf82aef16cf61574b5d15e5c5f8135df288", 
                "a9245de692c16f90747388c09e9d02c3ee34577e", 
                "02b04563ef430797051aa13e48971d3490c80636", 
                "0f4bf1d89d080ed318597754e6d3930f8eec49b0", 
                "8074ed48b99968f5d36a494cdeb9f80685beb0f5", 
                "7fef48e1303e40110798dfec929ad88f1ad4fbd8", 
                "62172eee1a4591bde2658175dd5b8652d5aead2a", 
                "53340f9a49bc21a9e7267173566f4640376147d9", 
                "e8dbcde49c7f760165ebb0cb3452e4f1c24981f5", 
                "fe3436294f302a93fbac389291dd20b41b038cba", 
                "7ad0eb113bc575363a058f4bf21dbab8c8f7073a", 
                "476489f75fed479f19bac02c79ce1befc62a6633", 
                "729f9ce76f20822f48dac827c37024fe4ab8ff70"
            ], 
            "sha256": [], 
            "ssdeep": [], 
            "md5s": [], 
            "sha512": []
        }, 
        "filenames": {
            "executables": [
                "NTSuser.exe", 
                "ppt.exe"
            ], 
            "flash": [], 
            "documents": [
                "Program.ppt"
            ], 
            "compressed": [], 
            "web": [
                "index.php"
            ]
        }
    }, 
    "attribution": [
        "?"
    ], 
    "group_name": [
        "?"
    ], 
    "indicators": {
        "domains": [], 
        "ips": {
            "ipv6addresses": [], 
            "ipv4addresses": [
                "107.6.181.116", 
                "83.170.33.32", 
                "83.170.33.37", 
                "83.170.33.60", 
                "83.170.33.63", 
                "83.170.33.64", 
                "83.170.33.80", 
                "83.170.33.95", 
                "83.170.43.64", 
                "83.170.43.67", 
                "83.170.43.95", 
                "84.11.146.0", 
                "84.11.146.255", 
                "84.11.146.55", 
                "84.11.26.224", 
                "84.11.26.230", 
                "84.11.26.255", 
                "84.11.37.128", 
                "84.11.37.159", 
                "84.11.75.192", 
                "84.11.75.220", 
                "84.11.75.255"
            ]
        }, 
        "emails": [
            "mahdavi@livenetsat", 
            "mehdi_mahdavi@yahoo.com", 
            "technical@joinebiz.com"
        ], 
        "urls": [
            "http://av.zerodays.ir/.", 
            "http://securityaffairs.co/wordpress/28170/cyber-crime/gholee-malware.", 
            "http://www.cplusplus.com/reference/ctime/tm/", 
            "http://www.iabg.de/en/.", 
            "http://www.trendmicro.com/vinfo/us/threat-encyclopedia/malware/", 
            "https://www.virustotal.com/.", 
            "https://www.youtube.com/watch?v=WIhKovlHDJ0."
        ]
    }, 
    "metadata": {
        "tlp": "GREEN", 
        "date_analyzed": "2016-10-04 23:41", 
        "release_date": "??", 
        "report_name": "??", 
        "source": "??", 
        "authors": [
            "??"
        ], 
        "file_metadata": {
            "filetype": "PDF document, version 1.7", 
            "sha1": "73a8169eff8f50cefe587c1097d67fb45e71a046", 
            "filesize": 4715394, 
            "filename": "wp-operation-woolen-goldfish.pdf"
        }
    }, 
    "cves": []
}